,value_as_string,0,1,2
266,1021110209^WMS W02DHDC POOL01^CLINIC,1021110209,WMS W02DHDC POOL01,CLINIC
119,1021200015^RNTNE GND DC WAITING^WAIT,1021200015,RNTNE GND DC WAITING,WAIT
1634,1021500003^OUTSC TLC POOL01^VIRTUAL,1021500003,OUTSC TLC POOL01,VIRTUAL
1081,ACU^E03ACU BY13^BY13-A51,ACU,E03ACU BY13,BY13-A51
1143,ACU^E03ACU BY12^BY12-A50,ACU,E03ACU BY12,BY12-A50
1703,ACU^E03ACU BY12^BY12-A49,ACU,E03ACU BY12,BY12-A49
1226,ACU^E03ACU BY14^BY14-A55,ACU,E03ACU BY14,BY14-A55
1029,ACU^E03ACU BY13^BY13-A52,ACU,E03ACU BY13,BY13-A52
819,ACU^E03ACU BY12^BY12-A48,ACU,E03ACU BY12,BY12-A48
595,ACU^E03ACU BY12^BY12-A47,ACU,E03ACU BY12,BY12-A47
327,ACU^E03ACU BY13^BY13-A53,ACU,E03ACU BY13,BY13-A53
435,ACU^E03ACU BY13^BY13-A54,ACU,E03ACU BY13,BY13-A54
651,ACU^E03ACU BY14^BY14-A56,ACU,E03ACU BY14,BY14-A56
359,ALNQ^A1PATLNG CH02^CH02-02,ALNQ,A1PATLNG CH02,CH02-02
386,BBNU^E03BC SR03^SR03-A01,BBNU,E03BC SR03,SR03-A01
684,BBNU^E03BC PR05^PR05-A01,BBNU,E03BC PR05,PR05-A01
398,BBNU^E03BC SR06^SR06-A01,BBNU,E03BC SR06,SR06-A01
983,BBNU^E03BC SR07^SR07-A01,BBNU,E03BC SR07,SR07-A01
1082,BBNU^E03BC SR01^SR01-A01,BBNU,E03BC SR01,SR01-A01
277,BBNU^E03BC SR02^SR02-A01,BBNU,E03BC SR02,SR02-A01
1027,BBNU^E03BC PR04^PR04-A01,BBNU,E03BC PR04,PR04-A01
1476,BCN^E03BCN SR03^SR03-C01,BCN,E03BCN SR03,SR03-C01
1268,BCN^E03BCN SR06^SR06-C01,BCN,E03BCN SR06,SR06-C01
329,BCN^E03BCN SR01^SR01-C01,BCN,E03BCN SR01,SR01-C01
417,BCN^E03BCN PR05^PR05-C01,BCN,E03BCN PR05,PR05-C01
600,BCN^E03BCN SR07^SR07-C01,BCN,E03BCN SR07,SR07-C01
738,BCN^E03BCN SR02^SR02-C01,BCN,E03BCN SR02,SR02-C01
1134,BCN^E03BCN PR04^PR04-C01,BCN,E03BCN PR04,PR04-C01
484,BSNQ^C3BS BY02^BY02-12,BSNQ,C3BS BY02,BY02-12
242,BSNQ^C3BS BY02^BY02-11,BSNQ,C3BS BY02,BY02-11
687,BSNQ^C3BS BY01^BY01-01,BSNQ,C3BS BY01,BY01-01
770,BSNQ^C3BS WAITING^WAIT,BSNQ,C3BS WAITING,WAIT
1355,BSNQ^C3BS BY04^BY04-20,BSNQ,C3BS BY04,BY04-20
762,BSNQ^C3BS BY03^BY03-19,BSNQ,C3BS BY03,BY03-19
65,BSNQ^C3BS BY03^BY03-16,BSNQ,C3BS BY03,BY03-16
197,BSNQ^C3BS SR01^SR01-01,BSNQ,C3BS SR01,SR01-01
962,BSNQ^C3BS BY03^BY03-17,BSNQ,C3BS BY03,BY03-17
136,BSNQ^C3BS BY01^BY01-07,BSNQ,C3BS BY01,BY01-07
808,BSNQ^C3BS BY01^BY01-06,BSNQ,C3BS BY01,BY01-06
1310,BSNQ^C3BS BY02^BY02-08,BSNQ,C3BS BY02,BY02-08
1093,BSNQ^C3BS BY04^BY04-25,BSNQ,C3BS BY04,BY04-25
875,BSNQ^C3BS BY03^BY03-14,BSNQ,C3BS BY03,BY03-14
632,BSNQ^C3BS BY01^BY01-03,BSNQ,C3BS BY01,BY01-03
736,BSNQ^C3BS BY01^BY01-02,BSNQ,C3BS BY01,BY01-02
262,BSNQ^C3BS BY04^BY04-21,BSNQ,C3BS BY04,BY04-21
1754,BSNQ^C3BS BY01^BY01-05,BSNQ,C3BS BY01,BY01-05
516,BSNQ^C3BS SR02^SR02-02,BSNQ,C3BS SR02,SR02-02
1592,BSNQ^C3BS BY02^BY02-10,BSNQ,C3BS BY02,BY02-10
1018,BSNQ^C3BS BY01^BY01-04,BSNQ,C3BS BY01,BY01-04
743,BSNQ^C3BS BY03^BY03-18,BSNQ,C3BS BY03,BY03-18
680,BSNQ^C3BS BY02^BY02-13,BSNQ,C3BS BY02,BY02-13
1342,BSNQ^C3BS BY04^BY04-24,BSNQ,C3BS BY04,BY04-24
654,BSNQ^C3BS BY03^BY03-15,BSNQ,C3BS BY03,BY03-15
1388,BSNQ^C3BS BY04^BY04-22,BSNQ,C3BS BY04,BY04-22
1602,BSNQ^C3BS BY02^BY02-09,BSNQ,C3BS BY02,BY02-09
525,BSNQ^C3BS SR03^SR03-03,BSNQ,C3BS SR03,SR03-03
813,BWRD^RNTNEB BY01^BY01-12,BWRD,RNTNEB BY01,BY01-12
1552,BWRD^RNTNEB BY01^BY01-07,BWRD,RNTNEB BY01,BY01-07
679,BWRD^RNTNEB SR14^SR14-14,BWRD,RNTNEB SR14,SR14-14
1610,BWRD^RNTNEB SR15^SR15-15,BWRD,RNTNEB SR15,SR15-15
1791,BWRD^RNTNEB BY01^BY01-09,BWRD,RNTNEB BY01,BY01-09
400,BWRD^RNTNEB CB02^CB02-02,BWRD,RNTNEB CB02,CB02-02
244,BWRD^RNTNEB BY01^BY01-08,BWRD,RNTNEB BY01,BY01-08
1149,BWRD^RNTNEB BY01^BY01-10,BWRD,RNTNEB BY01,BY01-10
1763,BWRD^null^null,BWRD,null,null
1499,BWRD^RNTNEB BY01^BY01-11,BWRD,RNTNEB BY01,BY01-11
13,BWRD^RNTNEB BY01^BY01-06,BWRD,RNTNEB BY01,BY01-06
1517,BWRD^RNTNEB BY01^BY01-05,BWRD,RNTNEB BY01,BY01-05
1704,BWRD^RNTNEB CB01^CB01-01,BWRD,RNTNEB CB01,CB01-01
1440,BWRD^RNTNEB CB03^CB03-03,BWRD,RNTNEB CB03,CB03-03
579,BWRD^RNTNEB POOL01^CHAIR,BWRD,RNTNEB POOL01,CHAIR
990,BWRD^RNTNEB BY01^BY01-04,BWRD,RNTNEB BY01,BY01-04
727,CCAC^MCC ACU HOTEL^HOTEL,CCAC,MCC ACU HOTEL,HOTEL
705,CCAC^MCCACU SR2.9^SR2.9,CCAC,MCCACU SR2.9,SR2.9
368,CCAC^MCCACU CH03^CH03,CCAC,MCCACU CH03,CH03
125,CCAC^MCCACU CH01^CH01,CCAC,MCCACU CH01,CH01
123,CCAC^MCCACU OB04^OB04,CCAC,MCCACU OB04,OB04
434,CCAC^MCCACU CH04^CH04,CCAC,MCCACU CH04,CH04
1068,CCAC^MCCACU CH06^CH06,CCAC,MCCACU CH06,CH06
865,CCAC^MCCACU CH02^CH02,CCAC,MCCACU CH02,CH02
927,CCAC^MCCACU OB02^OB02,CCAC,MCCACU OB02,OB02
1262,CCAC^MCC ACU DISCHARGE^DISCHARGE,CCAC,MCC ACU DISCHARGE,DISCHARGE
521,CCAC^MCCACU SR2.1^SR2.1,CCAC,MCCACU SR2.1,SR2.1
1132,CCAC^MCCACU SR2.4^SR2.4,CCAC,MCCACU SR2.4,SR2.4
20,CCAC^null^null,CCAC,null,null
533,CCAC^MCCACU CH05^CH05,CCAC,MCCACU CH05,CH05
1705,CCAC^MCCACU ARRIVED^ARRIVED,CCAC,MCCACU ARRIVED,ARRIVED
847,CCAC^MCCACU REVIEW^REVIEW,CCAC,MCCACU REVIEW,REVIEW
557,CCAC^MCCACU SR2.5^SR2.5,CCAC,MCCACU SR2.5,SR2.5
1784,CCAC^MCCACU OB01^OB01,CCAC,MCCACU OB01,OB01
1309,CCAC^MCCACU SR2.3^SR2.3,CCAC,MCCACU SR2.3,SR2.3
194,CCAC^MCCACU OB03^OB03,CCAC,MCCACU OB03,OB03
1006,CCAC^MCCACU HOME^HOME,CCAC,MCCACU HOME,HOME
1613,CCAC^MCCACU SR2.2^SR2.2,CCAC,MCCACU SR2.2,SR2.2
896,CCAC^MCCACU WAITING^WAIT,CCAC,MCCACU WAITING,WAIT
1647,CCAC^MCCACU SR2.6^SR2.6,CCAC,MCCACU SR2.6,SR2.6
1483,CCAC^MCCACU SR2.12^SR2.12,CCAC,MCCACU SR2.12,SR2.12
1114,CCCS^MCCCDU CH11^CH11,CCCS,MCCCDU CH11,CH11
1138,CCCS^MCCCDU LG10^LG10,CCCS,MCCCDU LG10,LG10
740,CCCS^MCCCDU BD21^BD21,CCCS,MCCCDU BD21,BD21
211,CCCS^MCCCDU AOS01^AOS01,CCCS,MCCCDU AOS01,AOS01
1227,CCCS^MCCCDU AOS04^AOS04,CCCS,MCCCDU AOS04,AOS04
1455,CCCS^MCCCDU CH04^CH04,CCCS,MCCCDU CH04,CH04
1409,CCCS^MCCCDU LG07^LG07,CCCS,MCCCDU LG07,LG07
1267,CCCS^MCCCDU BD22^BD22,CCCS,MCCCDU BD22,BD22
1057,CCCS^MCCCDU CH08^CH08,CCCS,MCCCDU CH08,CH08
1356,CCCS^MCCCDU LG06^LG06,CCCS,MCCCDU LG06,LG06
328,CCCS^MCCCDU CH06^CH06,CCCS,MCCCDU CH06,CH06
887,CCCS^MCCCDU SR2.11^SR2.11,CCCS,MCCCDU SR2.11,SR2.11
1121,CCCS^MCCCDU LG03^LG03,CCCS,MCCCDU LG03,LG03
1161,CCCS^MCCCDU CH10^CH10,CCCS,MCCCDU CH10,CH10
862,CCCS^MCCCDU SR2.10^SR2.10,CCCS,MCCCDU SR2.10,SR2.10
238,CCCS^MCCCDU LG02^LG02,CCCS,MCCCDU LG02,LG02
1387,CCCS^MCCCDU CH12^CH12,CCCS,MCCCDU CH12,CH12
1377,CCCS^MCCCDU LG09^LG09,CCCS,MCCCDU LG09,LG09
810,CCCS^MCCCDU AOS02^AOS02,CCCS,MCCCDU AOS02,AOS02
842,CCCS^null^null,CCCS,null,null
763,CCCS^MCCCDU BD20^BD20,CCCS,MCCCDU BD20,BD20
265,CCCS^MCCCDU ARRIVED^ARRIVED,CCCS,MCCCDU ARRIVED,ARRIVED
1164,CCCS^MCCCDU CH09^CH09,CCCS,MCCCDU CH09,CH09
1727,CCCS^MCCCDU BD23^BD23,CCCS,MCCCDU BD23,BD23
1612,CCCS^MCCCDU CH03^CH03,CCCS,MCCCDU CH03,CH03
1584,CCCS^MCCCDU BD24^BD24,CCCS,MCCCDU BD24,BD24
375,CCCS^MCCCDU LG01^LG01,CCCS,MCCCDU LG01,LG01
614,CCCS^MCCCDU DISCHARGE^DISCHARGE,CCCS,MCCCDU DISCHARGE,DISCHARGE
563,CCCS^MCCCDU LG04^LG04,CCCS,MCCCDU LG04,LG04
695,CCCS^MCCCDU READY^READY,CCCS,MCCCDU READY,READY
561,CCCS^MCCCDU BD25^BD25,CCCS,MCCCDU BD25,BD25
18,CCCS^MCCCDU AOS03^AOS03,CCCS,MCCCDU AOS03,AOS03
451,CCCS^MCCCDU WAITING^WAIT,CCCS,MCCCDU WAITING,WAIT
1716,CCCS^MCCCDU CH07^CH07,CCCS,MCCCDU CH07,CH07
1700,CCCS^MCCCDU CH05^CH05,CCCS,MCCCDU CH05,CH05
506,CCCS^MCCCDU CH13^CH13,CCCS,MCCCDU CH13,CH13
732,CCCS^MCCCDU CH02-1^CH02,CCCS,MCCCDU CH02-1,CH02
623,CCCS^MCCCDU LG05^LG05,CCCS,MCCCDU LG05,LG05
437,CCCS^MCCCDU LG08^LG08,CCCS,MCCCDU LG08,LG08
471,CCIC^MCCDAY BD03^BD03,CCIC,MCCDAY BD03,BD03
1494,CCIC^MCCDAY BD16^BD16,CCIC,MCCDAY BD16,BD16
391,CCIC^MCCDAY BD14^BD14,CCIC,MCCDAY BD14,BD14
1756,CCIC^MCCDAY SR18^SR18,CCIC,MCCDAY SR18,SR18
1540,CCIC^MCCDAY BD12^BD12,CCIC,MCCDAY BD12,BD12
828,CCIC^MCCDAY SR17^SR17,CCIC,MCCDAY SR17,SR17
1256,CCIC^MCCDAY WAITING^WAIT,CCIC,MCCDAY WAITING,WAIT
356,CCIC^MCCDAY IN TREAT^SR17,CCIC,MCCDAY IN TREAT,SR17
1435,CCIC^MCCDAY IN TREAT^HOLDING,CCIC,MCCDAY IN TREAT,HOLDING
1105,CCIC^MCCDAY SR17^SR17-17,CCIC,MCCDAY SR17,SR17-17
1442,CCIC^MCCDAY BD15^BD15,CCIC,MCCDAY BD15,BD15
1802,CCIC^MCCDAY BD13^BD13,CCIC,MCCDAY BD13,BD13
449,CCIC^null^null,CCIC,null,null
162,CCIC^MCCDAY BD11^BD11,CCIC,MCCDAY BD11,BD11
1312,CCIC^MCCDAY BD01^BD01,CCIC,MCCDAY BD01,BD01
1372,CHALFMRI^null^null,CHALFMRI,null,null
477,CHLDC^CHALFDC POOL^DAYCASE,CHLDC,CHALFDC POOL,DAYCASE
631,COB^E02COB BY01^BY01-03,COB,E02COB BY01,BY01-03
1063,COB^E02COB BY01^BY01-02,COB,E02COB BY01,BY01-02
1065,COB^E02COB BY01^BY01-01,COB,E02COB BY01,BY01-01
74,COB^E02COB BY01^BY01-04,COB,E02COB BY01,BY01-04
299,COBN^E02COBN BY01^BY01-C03B,COBN,E02COBN BY01,BY01-C03B
297,COBN^E02COBN BY01^BY01-C01A,COBN,E02COBN BY01,BY01-C01A
185,COBN^E02COBN BY01^BY01-C02A,COBN,E02COBN BY01,BY01-C02A
1535,COBN^E02COBN BY01^BY01-C02B,COBN,E02COBN BY01,BY01-C02B
1751,COBN^E02COBN BY01^BY01-C04B,COBN,E02COBN BY01,BY01-C04B
1678,COBN^E02COBN BY01^BY01-C03A,COBN,E02COBN BY01,BY01-C03A
876,COBN^E02COBN BY01^BY01-C01B,COBN,E02COBN BY01,BY01-C01B
251,COBN^E02COBN BY01^BY01-C04A,COBN,E02COBN BY01,BY01-C04A
1777,CRF^TCR CRF BY01^BY01-09,CRF,TCR CRF BY01,BY01-09
910,CRF^TCR CRF BY01^BY01-03,CRF,TCR CRF BY01,BY01-03
200,CRF^TCR CRF BY01^BY01-02,CRF,TCR CRF BY01,BY01-02
72,CRF^TCR CRF POOL02^WAIT,CRF,TCR CRF POOL02,WAIT
489,CRF^null^null,CRF,null,null
1480,CRF^TCR CRF BY01^BY01-01,CRF,TCR CRF BY01,BY01-01
273,CRF^TCR CRF BY01^BY01-07,CRF,TCR CRF BY01,BY01-07
628,CRF^TCR CRF BY01^BY01-08,CRF,TCR CRF BY01,BY01-08
1500,CRF^TCR CRF BY01^BY01-05,CRF,TCR CRF BY01,BY01-05
1456,CRF^TCR CRF BY01^BY01-06,CRF,TCR CRF BY01,BY01-06
1512,CRF^TCR CRF SR02^SR02-02,CRF,TCR CRF SR02,SR02-02
658,CRF^TCR CRF POOL01^CLINIC ROOM,CRF,TCR CRF POOL01,CLINIC ROOM
138,CRF^TCR CRF SR01^SR01-01,CRF,TCR CRF SR01,SR01-01
146,CRF^TCR CRF BY01^BY01-04,CRF,TCR CRF BY01,BY01-04
1193,CSW1^CLVST DAY BY01^BY01-04,CSW1,CLVST DAY BY01,BY01-04
1195,CSW1^CLVST DAY BY01^BY01-05,CSW1,CLVST DAY BY01,BY01-05
1689,CSW1^CLVST DAY BY01^BY01-02,CSW1,CLVST DAY BY01,BY01-02
1688,CSW1^CLVST DAY BY02^BY02-06,CSW1,CLVST DAY BY02,BY02-06
1736,CSW1^CLVST DAY BY02^BY02-03,CSW1,CLVST DAY BY02,BY02-03
1670,CSW1^CLVST DAY BY02^BY02-04,CSW1,CLVST DAY BY02,BY02-04
846,CSW1^CLVST DAY BY02^BY02-02,CSW1,CLVST DAY BY02,BY02-02
5,CSW1^CLVST DAY BY02^BY02-01,CSW1,CLVST DAY BY02,BY02-01
1599,CSW1^CLVST DAY BY01^BY01-01,CSW1,CLVST DAY BY01,BY01-01
118,CSW1^CLVST DAY WAITING^WAIT,CSW1,CLVST DAY WAITING,WAIT
1793,CSW1^CLVST DAY BY02^BY02-05,CSW1,CLVST DAY BY02,BY02-05
372,CSW1^CLVST DAY BY01^BY01-06,CSW1,CLVST DAY BY01,BY01-06
256,CSW1^CLVST DAY BY01^BY01-03,CSW1,CLVST DAY BY01,BY01-03
699,CTYA^MCCTYA BY01^CH06,CTYA,MCCTYA BY01,CH06
635,CTYA^MCCTYA WAITING^WAIT,CTYA,MCCTYA WAITING,WAIT
1030,CTYA^MCCTYA SR02^SR02,CTYA,MCCTYA SR02,SR02
554,CTYA^MCCTYA BY02^LG02,CTYA,MCCTYA BY02,LG02
526,CTYA^null^null,CTYA,null,null
1531,CTYA^MCCTYA BY01^CH04,CTYA,MCCTYA BY01,CH04
122,CTYA^MCCTYA BY01^CH02,CTYA,MCCTYA BY01,CH02
1673,CTYA^MCCTYA BY01^CH03,CTYA,MCCTYA BY01,CH03
1772,CTYA^MCCTYA PHYSIO^PHYSIO,CTYA,MCCTYA PHYSIO,PHYSIO
1451,CTYA^MCCTYA BY01^CH05,CTYA,MCCTYA BY01,CH05
1254,CTYA^MCCTYA BY01^CH07,CTYA,MCCTYA BY01,CH07
491,CTYA^MCCTYA BY01^CH01,CTYA,MCCTYA BY01,CH01
1783,CTYA^MCCTYA PROC^PROC,CTYA,MCCTYA PROC,PROC
1655,CTYA^MCCTYA BY01^CH08,CTYA,MCCTYA BY01,CH08
683,CTYA^MCCTYA SR01^SR01,CTYA,MCCTYA SR01,SR01
1734,CTYA^MCCTYA BY02^LG03,CTYA,MCCTYA BY02,LG03
1497,CTYA^MCCTYA BY02^LG01,CTYA,MCCTYA BY02,LG01
224,CWRD^RNTNEC SR13^SR13-13,CWRD,RNTNEC SR13,SR13-13
1806,CWRD^RNTNEC CB01^CB01-01,CWRD,RNTNEC CB01,CB01-01
1050,CWRD^RNTNEC POOL01^CHAIR,CWRD,RNTNEC POOL01,CHAIR
464,CWRD^RNTNEC POOL02^CHAIR,CWRD,RNTNEC POOL02,CHAIR
1113,CWRD^RNTNEC BY01^BY01-06,CWRD,RNTNEC BY01,BY01-06
1103,CWRD^RNTNEC BY01^BY01-05,CWRD,RNTNEC BY01,BY01-05
1289,CWRD^RNTNEC CB02^CB02-02,CWRD,RNTNEC CB02,CB02-02
1005,CWRD^RNTNEC BY02^BY02-17,CWRD,RNTNEC BY02,BY02-17
127,CWRD^RNTNEC BY02^BY02-16,CWRD,RNTNEC BY02,BY02-16
742,CWRD^RNTNEC BY02^BY02-18,CWRD,RNTNEC BY02,BY02-18
731,CWRD^null^null,CWRD,null,null
1462,CWRD^RNTNEC SR14^SR14-14,CWRD,RNTNEC SR14,SR14-14
660,CWRD^RNTNEC BY01^BY01-11,CWRD,RNTNEC BY01,BY01-11
795,CWRD^RNTNEC BY01^BY01-07,CWRD,RNTNEC BY01,BY01-07
1572,CWRD^RNTNEC BY01^BY01-10,CWRD,RNTNEC BY01,BY01-10
161,CWRD^RNTNEC BY01^BY01-08,CWRD,RNTNEC BY01,BY01-08
838,CWRD^RNTNEC CB03^CB03-03,CWRD,RNTNEC CB03,CB03-03
248,CWRD^RNTNEC BY01^BY01-09,CWRD,RNTNEC BY01,BY01-09
995,CWRD^RNTNEC BY01^BY01-04,CWRD,RNTNEC BY01,BY01-04
1628,CWRD^RNTNEC BY01^BY01-12,CWRD,RNTNEC BY01,BY01-12
592,CWRD^RNTNEC BY02^BY02-15,CWRD,RNTNEC BY02,BY02-15
301,DCNQ^RLHIMDCU CH15^CH15-15,DCNQ,RLHIMDCU CH15,CH15-15
1004,DCNQ^RLHIMDCU CH02^CH02-02,DCNQ,RLHIMDCU CH02,CH02-02
988,DCNQ^RLHIM KITCHEN^KITCHEN,DCNQ,RLHIM KITCHEN,KITCHEN
504,DCNQ^RLHIMDCU CH20^CH20-20,DCNQ,RLHIMDCU CH20,CH20-20
754,DCNQ^RLHIMDCU CH07^CH07-07,DCNQ,RLHIMDCU CH07,CH07-07
691,DCNQ^RLHIMDCU CH29^CH29-29,DCNQ,RLHIMDCU CH29,CH29-29
775,DCNQ^RLHIMDCU CH13^CH13-13,DCNQ,RLHIMDCU CH13,CH13-13
960,DCNQ^RLHIMDCU CH21^CH21-21,DCNQ,RLHIMDCU CH21,CH21-21
655,DCNQ^RLHIMDCU SR01^SR01-01,DCNQ,RLHIMDCU SR01,SR01-01
905,DCNQ^RLHIMDCU CH34^CH34-34,DCNQ,RLHIMDCU CH34,CH34-34
324,DCNQ^RLHIMDCU CH01^CH01-01,DCNQ,RLHIMDCU CH01,CH01-01
909,DCNQ^RLHIMDCU CH33^CH33-33,DCNQ,RLHIMDCU CH33,CH33-33
1013,DCNQ^RLHIMDCU CH18^CH18-18,DCNQ,RLHIMDCU CH18,CH18-18
608,DCNQ^RLHIMDCU WAITING^WAIT,DCNQ,RLHIMDCU WAITING,WAIT
390,DCNQ^RLHIMDCU CH22^CH22-22,DCNQ,RLHIMDCU CH22,CH22-22
308,DCNQ^RLHIMDCU CH40^CH40-40,DCNQ,RLHIMDCU CH40,CH40-40
596,DCNQ^RLHIMDCU CH31^CH31-31,DCNQ,RLHIMDCU CH31,CH31-31
939,DCNQ^RLHIMDCU CH04^CH04-04,DCNQ,RLHIMDCU CH04,CH04-04
316,DCNQ^RLHIMDCU CH17^CH17-17,DCNQ,RLHIMDCU CH17,CH17-17
918,DCNQ^RLHIMDCU SR06^SR06-06,DCNQ,RLHIMDCU SR06,SR06-06
1550,DCNQ^RLHIMDCU CH12^CH12-12,DCNQ,RLHIMDCU CH12,CH12-12
1601,DCNQ^RLHIMDCU SR05^SR05-05,DCNQ,RLHIMDCU SR05,SR05-05
1287,DCNQ^RLHIMDCU CH25^CH25-25,DCNQ,RLHIMDCU CH25,CH25-25
1231,DCNQ^RLHIMDCU CH06^CH06-06,DCNQ,RLHIMDCU CH06,CH06-06
1587,DCNQ^RLHIMDCU CH28^CH28-28,DCNQ,RLHIMDCU CH28,CH28-28
1581,DCNQ^RLHIMDCU CH39^CH39-39,DCNQ,RLHIMDCU CH39,CH39-39
1301,DCNQ^RLHIMDCU CH03^CH03-03,DCNQ,RLHIMDCU CH03,CH03-03
1210,DCNQ^RLHIMDCU CH26^CH26-26,DCNQ,RLHIMDCU CH26,CH26-26
1313,DCNQ^RLHIMDCU CH35^CH35-35,DCNQ,RLHIMDCU CH35,CH35-35
1711,DCNQ^RLHIMDCU SR04^SR04-04,DCNQ,RLHIMDCU SR04,SR04-04
1714,DCNQ^RLHIMDCU CH38^CH38-38,DCNQ,RLHIMDCU CH38,CH38-38
1319,DCNQ^RLHIMDCU CH11^CH11-11,DCNQ,RLHIMDCU CH11,CH11-11
1270,DCNQ^RLHIMDCU CH05^CH05-05,DCNQ,RLHIMDCU CH05,CH05-05
1345,DCNQ^RLHIMDCU SR02^SR02-02,DCNQ,RLHIMDCU SR02,SR02-02
217,DCNQ^null^null,DCNQ,null,null
1180,DCNQ^RLHIMDCU CH16^CH16-16,DCNQ,RLHIMDCU CH16,CH16-16
1603,DCNQ^RLHIMDCU CH08^CH08-08,DCNQ,RLHIMDCU CH08,CH08-08
1789,DCNQ^RLHIMDCU CH32^CH32-32,DCNQ,RLHIMDCU CH32,CH32-32
1542,DCNQ^RLHIMDCU CH14^CH14-14,DCNQ,RLHIMDCU CH14,CH14-14
128,DCNQ^RLHIMDCU CH09^CH09-09,DCNQ,RLHIMDCU CH09,CH09-09
1465,DCNQ^RLHIMDCU SR03^SR03-03,DCNQ,RLHIMDCU SR03,SR03-03
1470,DCNQ^RLHIMDCU CH10^CH10-10,DCNQ,RLHIMDCU CH10,CH10-10
106,DCNQ^RLHIMDCU CH19^CH19-19,DCNQ,RLHIMDCU CH19,CH19-19
154,DCNQ^RLHIMDCU CH27^CH27-27,DCNQ,RLHIMDCU CH27,CH27-27
1395,DCNQ^RLHIMDCU CH23^CH23-23,DCNQ,RLHIMDCU CH23,CH23-23
1071,DCNQ^RLHIMDCU CH30^CH30-30,DCNQ,RLHIMDCU CH30,CH30-30
1172,DCNQ^RLHIMDCU CH24^CH24-24,DCNQ,RLHIMDCU CH24,CH24-24
1085,DCNQ^RLHIMDCU CH37^CH37-37,DCNQ,RLHIMDCU CH37,CH37-37
1504,DCNQ^RLHIMDCU CH36^CH36-36,DCNQ,RLHIMDCU CH36,CH36-36
1548,DFNQ^C3DF BY04^BY04-04,DFNQ,C3DF BY04,BY04-04
377,DFNQ^C3DF BY04^BY04-01,DFNQ,C3DF BY04,BY04-01
181,DFNQ^C3DF BY04^BY04-05,DFNQ,C3DF BY04,BY04-05
893,DFNQ^C3DF BY03^BY03-04,DFNQ,C3DF BY03,BY03-04
149,DFNQ^C3DF BY03^BY03-03,DFNQ,C3DF BY03,BY03-03
1566,DFNQ^C3DF BY03^BY03-02,DFNQ,C3DF BY03,BY03-02
1561,DFNQ^C3DF BY01^BY01-05,DFNQ,C3DF BY01,BY01-05
156,DFNQ^C3DF BY02^BY02-05,DFNQ,C3DF BY02,BY02-05
91,DFNQ^C3DF SR03^SR03-03,DFNQ,C3DF SR03,SR03-03
1373,DFNQ^C3DF BY03^BY03-06,DFNQ,C3DF BY03,BY03-06
636,DFNQ^C3DF BY04^BY04-03,DFNQ,C3DF BY04,BY04-03
193,DFNQ^C3DF BY01^BY01-03,DFNQ,C3DF BY01,BY01-03
759,DFNQ^C3DF BY04^BY04-06,DFNQ,C3DF BY04,BY04-06
571,DFNQ^C3DF SR01^SR01-01,DFNQ,C3DF SR01,SR01-01
392,DFNQ^C3DF BY02^BY02-01,DFNQ,C3DF BY02,BY02-01
1073,DFNQ^C3DF BY01^BY01-02,DFNQ,C3DF BY01,BY01-02
60,DFNQ^C3DF BY01^BY01-04,DFNQ,C3DF BY01,BY01-04
593,DFNQ^C3DF BY03^BY03-05,DFNQ,C3DF BY03,BY03-05
53,DFNQ^C3DF SR02^SR02-02,DFNQ,C3DF SR02,SR02-02
1075,DFNQ^C3DF WAITING^WAIT,DFNQ,C3DF WAITING,WAIT
1737,DFNQ^C3DF BY02^BY02-02,DFNQ,C3DF BY02,BY02-02
34,DFNQ^C3DF BY02^BY02-04,DFNQ,C3DF BY02,BY02-04
1799,DFNQ^C3DF BY01^BY01-01,DFNQ,C3DF BY01,BY01-01
1797,DFNQ^C3DF BY02^BY02-06,DFNQ,C3DF BY02,BY02-06
425,DFNQ^C3DF BY03^BY03-01,DFNQ,C3DF BY03,BY03-01
1040,DFNQ^C3DF BY04^BY04-02,DFNQ,C3DF BY04,BY04-02
1159,DFNQ^C3DF BY02^BY02-03,DFNQ,C3DF BY02,BY02-03
1021,DWRD^RNTNED BY01^BY01-01,DWRD,RNTNED BY01,BY01-01
338,DWRD^RNTNED BY03^BY03-13,DWRD,RNTNED BY03,BY03-13
1130,DWRD^RNTNED BY03^BY03-12,DWRD,RNTNED BY03,BY03-12
452,DWRD^RNTNED WAITING^WAIT,DWRD,RNTNED WAITING,WAIT
322,DWRD^RNTNED BY03^BY03-16,DWRD,RNTNED BY03,BY03-16
677,DWRD^RNTNED BY03^BY03-15,DWRD,RNTNED BY03,BY03-15
1551,DWRD^RNTNED BY02^BY02-09,DWRD,RNTNED BY02,BY02-09
570,DWRD^RNTNED BY03^BY03-14,DWRD,RNTNED BY03,BY03-14
550,DWRD^RNTNED BY01^BY01-06,DWRD,RNTNED BY01,BY01-06
1626,DWRD^null^null,DWRD,null,null
1659,DWRD^RNTNED BY01^BY01-03,DWRD,RNTNED BY01,BY01-03
634,DWRD^RNTNED BY02^BY02-11,DWRD,RNTNED BY02,BY02-11
1206,DWRD^RNTNED BY01^BY01-04,DWRD,RNTNED BY01,BY01-04
1570,DWRD^RNTNED BY02^BY02-10,DWRD,RNTNED BY02,BY02-10
1578,DWRD^RNTNED BY02^BY02-08,DWRD,RNTNED BY02,BY02-08
142,E02THR^EGAE02THR POOL01^THR,E02THR,EGAE02THR POOL01,THR
1607,E02THR^null^null,E02THR,null,null
1671,EAU^UCH T00 EAU BY02^BY02-10,EAU,UCH T00 EAU BY02,BY02-10
419,EAU^null^null,EAU,null,null
575,EAU^UCH T00 EAU BY01^BY01-05,EAU,UCH T00 EAU BY01,BY01-05
1800,EAU^UCH T00 EAU BY02^BY02-14,EAU,UCH T00 EAU BY02,BY02-14
1515,EAU^UCH T00 EAU BY02^BY02-11,EAU,UCH T00 EAU BY02,BY02-11
1816,EAU^UCH T00 EAU BY02^BY02-CH16,EAU,UCH T00 EAU BY02,BY02-CH16
467,EAU^UCH T00 EAU BY01^BY01-CH01,EAU,UCH T00 EAU BY01,BY01-CH01
1828,EAU^UCH T00 EAU BY02^BY02-08,EAU,UCH T00 EAU BY02,BY02-08
1682,EAU^UCH T00 EAU BY02^BY02-09,EAU,UCH T00 EAU BY02,BY02-09
1691,EAU^UCH T00 EAU BY01^BY01-07,EAU,UCH T00 EAU BY01,BY01-07
682,EAU^UCH T00 EAU BY01^BY01-03,EAU,UCH T00 EAU BY01,BY01-03
1528,EAU^UCH T00 EAU BY01^BY01-04,EAU,UCH T00 EAU BY01,BY01-04
1069,EAU^UCH T00 EAU BY01^BY01-06,EAU,UCH T00 EAU BY01,BY01-06
1489,EAU^UCH T00 EAU BY01^BY01-CH02,EAU,UCH T00 EAU BY01,BY01-CH02
1251,EAU^UCH T00 EAU BY02^BY02-CH15,EAU,UCH T00 EAU BY02,BY02-CH15
1399,EAU^UCH T00 EAU BY02^BY02-12,EAU,UCH T00 EAU BY02,BY02-12
830,EAU^UCH T00 EAU SR17^SR17-17,EAU,UCH T00 EAU SR17,SR17-17
1447,ED^UCHED RAT05^RAT-05,ED,UCHED RAT05,RAT-05
545,ED^UCHED UTCCH01^13-UTC CHAIR,ED,UCHED UTCCH01,13-UTC CHAIR
1011,ED^UCHED PAEDS04^04-PAEDS,ED,UCHED PAEDS04,04-PAEDS
1009,ED^UCHED MAJORS13^13-MAJORS,ED,UCHED MAJORS13,13-MAJORS
1204,ED^UCHED MAJORS04^04-MAJORS,ED,UCHED MAJORS04,04-MAJORS
408,ED^UCHED RAT06^RAT-CHAIR-06,ED,UCHED RAT06,RAT-CHAIR-06
1211,ED^UCHED RESUS04^04-RESUS,ED,UCHED RESUS04,04-RESUS
1663,ED^UCHED MAJORS07^07-MAJORS,ED,UCHED MAJORS07,07-MAJORS
205,ED^UCHED MAJ314^MAJ3-14,ED,UCHED MAJ314,MAJ3-14
202,ED^UCHED UTC06^06-UTC,ED,UCHED UTC06,06-UTC
583,ED^UCHED UTC OP^OPTHALMOLOGY ROOM,ED,UCHED UTC OP,OPTHALMOLOGY ROOM
1229,ED^UCHED UTC12^12-UTC,ED,UCHED UTC12,12-UTC
1654,ED^UCHED MAJ302^MAJ3-02,ED,UCHED MAJ302,MAJ3-02
1648,ED^UCHED PAEDS03^03-PAEDS,ED,UCHED PAEDS03,03-PAEDS
977,ED^UCHED RESUS05^05-RESUS,ED,UCHED RESUS05,05-RESUS
965,ED^UCHED UTC04^04-UTC,ED,UCHED UTC04,04-UTC
1234,ED^UCHED UTC05^05-UTC,ED,UCHED UTC05,05-UTC
599,ED^UCHED UTCCH04^16-UTC CHAIR,ED,UCHED UTCCH04,16-UTC CHAIR
1611,ED^UCHED MAJ306^MAJ3-06,ED,UCHED MAJ306,MAJ3-06
66,ED^UCHED TAF39^39-TAF,ED,UCHED TAF39,39-TAF
284,ED^UCHED PAEDS09^09-PAEDS,ED,UCHED PAEDS09,09-PAEDS
413,ED^UCHED RAT04^RAT-04,ED,UCHED RAT04,RAT-04
38,ED^UCHED RAT03^RAT-03,ED,UCHED RAT03,RAT-03
140,ED^UCHED MAJORS03^03-MAJORS,ED,UCHED MAJORS03,03-MAJORS
450,ED^UCHED TAF38^38-TAF,ED,UCHED TAF38,38-TAF
243,ED^UCHED DIAGNOSTICS^NONE,ED,UCHED DIAGNOSTICS,NONE
1064,ED^UCHED UTCCH02^14-UTC CHAIR,ED,UCHED UTCCH02,14-UTC CHAIR
1058,ED^UCHED UTC TR^PLASTER ROOM,ED,UCHED UTC TR,PLASTER ROOM
1137,ED^UCHED PAEDS01^01-PAEDS,ED,UCHED PAEDS01,01-PAEDS
1042,ED^UCHED MAJ311^MAJ3-11,ED,UCHED MAJ311,MAJ3-11
1036,ED^UCHED MAJORS12^12-MAJORS,ED,UCHED MAJORS12,12-MAJORS
10,ED^UCHED UTC01^01-UTC,ED,UCHED UTC01,01-UTC
475,ED^UCHED MAJ305^MAJ3-05,ED,UCHED MAJ305,MAJ3-05
1034,ED^UCHED RAT08^RAT-CHAIR-08,ED,UCHED RAT08,RAT-CHAIR-08
1787,ED^UCHED PAEDS07^07-PAEDS,ED,UCHED PAEDS07,07-PAEDS
1761,ED^UCHED UTC11^11-UTC,ED,UCHED UTC11,11-UTC
1168,ED^UCHED UTCCH03^15-UTC CHAIR,ED,UCHED UTCCH03,15-UTC CHAIR
29,ED^UCHED MAJORS19^19-MAJORS,ED,UCHED MAJORS19,19-MAJORS
507,ED^UCHED MAJ308^MAJ3-08,ED,UCHED MAJ308,MAJ3-08
30,ED^UCHED UTC02^02-UTC,ED,UCHED UTC02,02-UTC
1722,ED^UCHED MAJORS17^17-MAJORS,ED,UCHED MAJORS17,17-MAJORS
215,ED^UCHED RAT01^RAT-01,ED,UCHED RAT01,RAT-01
1186,ED^UCHED RESUS03^03-RESUS,ED,UCHED RESUS03,03-RESUS
1190,ED^UCHED PAEDS02^02-PAEDS,ED,UCHED PAEDS02,02-PAEDS
274,ED^UCHED MAJORS16^16-MAJORS,ED,UCHED MAJORS16,16-MAJORS
537,ED^UCHED UTCCH08^20-UTC CHAIR,ED,UCHED UTCCH08,20-UTC CHAIR
606,ED^UCHED MAJORS05^05-MAJORS,ED,UCHED MAJORS05,05-MAJORS
67,ED^UCHED MAJ310^MAJ3-10,ED,UCHED MAJ310,MAJ3-10
936,ED^UCHED UTCCH07^19-UTC CHAIR,ED,UCHED UTCCH07,19-UTC CHAIR
945,ED^UCHED PAEDS05^05-PAEDS,ED,UCHED PAEDS05,05-PAEDS
1537,ED^UCHED RAT02^RAT-02,ED,UCHED RAT02,RAT-02
1533,ED^UCHED RAT07^RAT-CHAIR-07,ED,UCHED RAT07,RAT-CHAIR-07
1529,ED^UCHED ADULT TRIAGE^NONE,ED,UCHED ADULT TRIAGE,NONE
1362,ED^UCHED MAJ304^MAJ3-04,ED,UCHED MAJ304,MAJ3-04
104,ED^UCHED UTC07^07-UTC,ED,UCHED UTC07,07-UTC
1521,ED^UCHED MAJ303^MAJ3-03,ED,UCHED MAJ303,MAJ3-03
1376,ED^UCHED MAJORS15^15-MAJORS,ED,UCHED MAJORS15,15-MAJORS
707,ED^UCHED UTC PL^TREATMENT ROOM,ED,UCHED UTC PL,TREATMENT ROOM
1343,ED^UCHED RAT09^RAT-CHAIR-09,ED,UCHED RAT09,RAT-CHAIR-09
719,ED^UCHED MAJ313^MAJ3-13,ED,UCHED MAJ313,MAJ3-13
730,ED^UCHED MAJ301^MAJ3-01,ED,UCHED MAJ301,MAJ3-01
113,ED^UCHED UTCCH06^18-UTC CHAIR,ED,UCHED UTCCH06,18-UTC CHAIR
1402,ED^UCHED UTC10^10-UTC,ED,UCHED UTC10,10-UTC
793,ED^UCHED RESUS01^01-RESUS,ED,UCHED RESUS01,01-RESUS
778,ED^UCHED MAJ309^MAJ3-09,ED,UCHED MAJ309,MAJ3-09
1405,ED^UCHED MAJORS09^09-MAJORS,ED,UCHED MAJORS09,09-MAJORS
1464,ED^UCHED UTCCH09^21-UTC CHAIR,ED,UCHED UTCCH09,21-UTC CHAIR
752,ED^UCHED MAJ312^MAJ3-12,ED,UCHED MAJ312,MAJ3-12
1417,ED^UCHED MAJORS10^10-MAJORS,ED,UCHED MAJORS10,10-MAJORS
1398,ED^null^null,ED,null,null
1338,ED^UCHED MAJORS02^02-MAJORS,ED,UCHED MAJORS02,02-MAJORS
1348,ED^UCHED UTC08^08-UTC,ED,UCHED UTC08,08-UTC
1323,ED^UCHED PAEDS06^06-PAEDS,ED,UCHED PAEDS06,06-PAEDS
385,ED^UCHED MAJORS06^06-MAJORS,ED,UCHED MAJORS06,06-MAJORS
610,ED^UCHED TAF40^40-TAF,ED,UCHED TAF40,40-TAF
620,ED^UCHED PAEDS TRIAGE^NONE,ED,UCHED PAEDS TRIAGE,NONE
1595,ED^UCHED MAJORS11^11-MAJORS,ED,UCHED MAJORS11,11-MAJORS
1290,ED^UCHED OTF POOL^OTF,ED,UCHED OTF POOL,OTF
1586,ED^UCHED UTC03^03-UTC,ED,UCHED UTC03,03-UTC
80,ED^UCHED RESUS02^02-RESUS,ED,UCHED RESUS02,02-RESUS
170,ED^UCHED MAJORS01^01-MAJORS,ED,UCHED MAJORS01,01-MAJORS
182,ED^UCHED PAEDS08^08-PAEDS,ED,UCHED PAEDS08,08-PAEDS
907,ED^UCHED MAJORS08^08-MAJORS,ED,UCHED MAJORS08,08-MAJORS
443,ED^UCHED WR POOL^WR,ED,UCHED WR POOL,WR
1305,ED^UCHED MAJ307^MAJ3-07,ED,UCHED MAJ307,MAJ3-07
1303,ED^UCHED MAJORS18^18-MAJORS,ED,UCHED MAJORS18,18-MAJORS
882,ED^UCHED UTCCH05^17-UTC CHAIR,ED,UCHED UTCCH05,17-UTC CHAIR
878,ED^UCHED RAT10^RAT-CHAIR-10,ED,UCHED RAT10,RAT-CHAIR-10
88,ED^UCHED UTC09^09-UTC,ED,UCHED UTC09,09-UTC
1291,ED^UCHED MAJORS14^14-MAJORS,ED,UCHED MAJORS14,14-MAJORS
745,EDHOSURG^EDH ORAL CHAIR^CH06,EDHOSURG,EDH ORAL CHAIR,CH06
455,EDHOSURG^EDH ORAL CHAIR^CH03,EDHOSURG,EDH ORAL CHAIR,CH03
1119,EDHOSURG^EDH ORAL CHAIR^CH01,EDHOSURG,EDH ORAL CHAIR,CH01
1274,EDHOSURG^EDH ORAL CHAIR^CH05,EDHOSURG,EDH ORAL CHAIR,CH05
81,EDHOSURG^EDH ORAL CHAIR^CH02,EDHOSURG,EDH ORAL CHAIR,CH02
283,EDHOSURG^null^null,EDHOSURG,null,null
895,EDHOSURG^EDH ORAL CHAIR^CH04,EDHOSURG,EDH ORAL CHAIR,CH04
1559,EDHPDSURG^EDH PAED CHAIR^CH01,EDHPDSURG,EDH PAED CHAIR,CH01
1185,EDHPDSURG^null^null,EDHPDSURG,null,null
1341,EDHPDSURG^EDH PAED WAIT^WAIT,EDHPDSURG,EDH PAED WAIT,WAIT
486,EDHPDSURG^EDH PAED CHAIR^CH02,EDHPDSURG,EDH PAED CHAIR,CH02
1738,EDHRSURG^EDH REST CHAIR^CH02,EDHRSURG,EDH REST CHAIR,CH02
605,EDHRSURG^EDH REST CHAIR^CH03,EDHRSURG,EDH REST CHAIR,CH03
739,EDHRSURG^EDH REST CHAIR^CH04,EDHRSURG,EDH REST CHAIR,CH04
1836,EDHRSURG^ED REST WAIT^WAIT,EDHRSURG,ED REST WAIT,WAIT
33,EDHRSURG^null^null,EDHRSURG,null,null
169,EDHRSURG^EDH REST CHAIR^CH01,EDHRSURG,EDH REST CHAIR,CH01
1770,EDHSURG^EHD SURG SR09^SR09-CH02,EDHSURG,EHD SURG SR09,SR09-CH02
167,EDHSURG^EHD SURG SR12^SR12-CH05,EDHSURG,EHD SURG SR12,SR12-CH05
1316,EDHSURG^EHD SURG SR14^SR14-CH06,EDHSURG,EHD SURG SR14,SR14-CH06
966,EDHSURG^EHD SURG SR16^SR16-CH08,EDHSURG,EHD SURG SR16,SR16-CH08
776,EDHSURG^EHD SURG SR10^SR10-CH03,EDHSURG,EHD SURG SR10,SR10-CH03
556,EDHSURG^EHD SURG SR15^SR15-CH07,EDHSURG,EHD SURG SR15,SR15-CH07
1094,EDHSURG^EHD SURG SR11^SR11-CH04,EDHSURG,EHD SURG SR11,SR11-CH04
1427,EDHSURG^EHD SURG WAITING^WAIT,EDHSURG,EHD SURG WAITING,WAIT
1112,EDHSURG^EHD SURG SR08^SR08-CH01,EDHSURG,EHD SURG SR08,SR08-CH01
718,EGALNGE^EGAPATLNGE WAIT^CHAIR,EGALNGE,EGAPATLNGE WAIT,CHAIR
546,ENTEDPZ^ENTED PZ CHAIRS^CH1.08,ENTEDPZ,ENTED PZ CHAIRS,CH1.08
749,ENTEDPZ^ENTED PZ CHAIRS^CH1.11,ENTEDPZ,ENTED PZ CHAIRS,CH1.11
90,ENTEDPZ^ENTED PZ ARRIVED^-,ENTEDPZ,ENTED PZ ARRIVED,-
1492,ENTEDPZ^ENTED PZ RECOVERY 2^R2,ENTEDPZ,ENTED PZ RECOVERY 2,R2
31,ENTEDPZ^ENTED PZ CHAIRS^CH1.09,ENTEDPZ,ENTED PZ CHAIRS,CH1.09
821,ENTEDPZ^ENTED PZ CHAIRS^CH1.12,ENTEDPZ,ENTED PZ CHAIRS,CH1.12
920,ENTEDPZ^ENTED PZ RECOVERY 1^R1,ENTEDPZ,ENTED PZ RECOVERY 1,R1
723,ENTEDPZ^ENTED PZ CHAIRS^CH1.07,ENTEDPZ,ENTED PZ CHAIRS,CH1.07
1813,ENTEDPZ^ENTED PZ CHAIRS^CH1.10,ENTEDPZ,ENTED PZ CHAIRS,CH1.10
565,ENTEDPZ^ENTED PZ DISCHARGE^-,ENTEDPZ,ENTED PZ DISCHARGE,-
1692,ENTEDPZ^ENTED PZ CHAIRS^CH1.06,ENTEDPZ,ENTED PZ CHAIRS,CH1.06
1596,ENTEDPZ^ENTED PZ RECOVERY SR^SR,ENTEDPZ,ENTED PZ RECOVERY SR,SR
590,F3NU^E03MCU BY05^BY05-A18,F3NU,E03MCU BY05,BY05-A18
1630,F3NU^E03MCU SR45^SR45-A01,F3NU,E03MCU SR45,SR45-A01
991,F3NU^E03MCU WAITING^WAIT,F3NU,E03MCU WAITING,WAIT
379,F3NU^E03MCU BY07^BY07-A23,F3NU,E03MCU BY07,BY07-A23
822,F3NU^E03MCU SR46^SR46-A01,F3NU,E03MCU SR46,SR46-A01
1039,F3NU^null^null,F3NU,null,null
1468,F3NU^E03MCU BY10^BY10-A33,F3NU,E03MCU BY10,BY10-A33
883,F3NU^E03MCU BY10^BY10-A34,F3NU,E03MCU BY10,BY10-A34
500,F3NU^E03MCU BY05^BY05-A15,F3NU,E03MCU BY05,BY05-A15
501,F3NU^E03MCU SR41^SR41-A02,F3NU,E03MCU SR41,SR41-A02
1686,F3NU^E03MCU BY11^BY11-A40,F3NU,E03MCU BY11,BY11-A40
1491,F3NU^E03MCU BY02^BY02-A03,F3NU,E03MCU BY02,BY02-A03
1048,F3NU^E03MCU SR01^SR01-A01,F3NU,E03MCU SR01,SR01-A01
615,F3NU^E03MCU BY03^BY03-A09,F3NU,E03MCU BY03,BY03-A09
110,F3NU^E03MCU BY05^BY05-A16,F3NU,E03MCU BY05,BY05-A16
1725,F3NU^E03MCU BY03^BY03-A06,F3NU,E03MCU BY03,BY03-A06
835,F3NU^E03MCU BY10^BY10-A36,F3NU,E03MCU BY10,BY10-A36
1619,F3NU^E03MCU BY05^BY05-A17,F3NU,E03MCU BY05,BY05-A17
103,F3NU^E03MCU BY04^BY04-A10,F3NU,E03MCU BY04,BY04-A10
1706,F3NU^E03MCU BY03^BY03-A08,F3NU,E03MCU BY03,BY03-A08
264,F3NU^E03MCU BY11^BY11-A38,F3NU,E03MCU BY11,BY11-A38
815,F3NU^E03MCU BY04^BY04-A14,F3NU,E03MCU BY04,BY04-A14
317,F3NU^E03MCU BY08^BY08-A27,F3NU,E03MCU BY08,BY08-A27
488,F3NU^E03MCU BY11^BY11-A37,F3NU,E03MCU BY11,BY11-A37
1272,F3NU^E03MCU BY04^BY04-A11,F3NU,E03MCU BY04,BY04-A11
713,F3NU^E03MCU BY02^BY02-A04,F3NU,E03MCU BY02,BY02-A04
1269,F3NU^E03MCU BY03^BY03-A07,F3NU,E03MCU BY03,BY03-A07
953,F3NU^E03MCU BY02^BY02-A05,F3NU,E03MCU BY02,BY02-A05
641,F3NU^E03MCU BY07^BY07-A24,F3NU,E03MCU BY07,BY07-A24
465,F3NU^E03MCU BY08^BY08-A25,F3NU,E03MCU BY08,BY08-A25
1167,F3NU^E03MCU BY02^BY02-A02,F3NU,E03MCU BY02,BY02-A02
221,F3NU^E03MCU BY11^BY11-A39,F3NU,E03MCU BY11,BY11-A39
961,F3NU^E03MCU BY08^BY08-A26,F3NU,E03MCU BY08,BY08-A26
192,F3NU^E03MCU SR43^SR43-A01,F3NU,E03MCU SR43,SR43-A01
1817,F3NU^E03MCU BY06^BY06-A19,F3NU,E03MCU BY06,BY06-A19
11,F3NU^E03MCU SR42^SR42-A01,F3NU,E03MCU SR42,SR42-A01
1346,F3NU^E03MCU BY06^BY06-A21,F3NU,E03MCU BY06,BY06-A21
453,F3NU^E03MCU BY06^BY06-A20,F3NU,E03MCU BY06,BY06-A20
1148,F3NU^E03MCU BY10^BY10-A35,F3NU,E03MCU BY10,BY10-A35
1446,F3NU^E03MCU BY06^BY06-A22,F3NU,E03MCU BY06,BY06-A22
321,F3NU^E03MCU BY08^BY08-A28,F3NU,E03MCU BY08,BY08-A28
139,F3NU^E03MCU BY09^BY09-A31,F3NU,E03MCU BY09,BY09-A31
1350,F3NU^E03MCU BY04^BY04-A12,F3NU,E03MCU BY04,BY04-A12
1382,F3NU^E03MCU SR44^SR44-A01,F3NU,E03MCU SR44,SR44-A01
1253,F3NU^E03MCU BY09^BY09-A29,F3NU,E03MCU BY09,BY09-A29
1371,F3NU^E03MCU SR41^SR41-A01,F3NU,E03MCU SR41,SR41-A01
1363,F3NU^E03MCU BY09^BY09-A30,F3NU,E03MCU BY09,BY09-A30
1147,F3NU^E03MCU BY09^BY09-A32,F3NU,E03MCU BY09,BY09-A32
407,GKNQ^NHNN GAMMA^POOL,GKNQ,NHNN GAMMA,POOL
611,GKNQ^null^null,GKNQ,null,null
1629,GWNC^CHALF WGC SR09^SR09-09,GWNC,CHALF WGC SR09,SR09-09
741,GWNC^CHALF WGC SR22^SR22-22,GWNC,CHALF WGC SR22,SR22-22
191,GWNC^CHALF WGC SR03^SR03-03,GWNC,CHALF WGC SR03,SR03-03
860,GWNC^CHALF WGC SR12^SR12-12,GWNC,CHALF WGC SR12,SR12-12
409,GWNC^CHALF WGC SR08^SR08-08VT,GWNC,CHALF WGC SR08,SR08-08VT
1624,GWNC^CHALF WGC SR13^SR13-13,GWNC,CHALF WGC SR13,SR13-13
199,GWNC^CHALF WGC SR06^SR06-06,GWNC,CHALF WGC SR06,SR06-06
555,GWNC^CHALF WGC SR20^SR20-20,GWNC,CHALF WGC SR20,SR20-20
315,GWNC^CHALF WGC SR02^SR02-02,GWNC,CHALF WGC SR02,SR02-02
856,GWNC^CHALF WGC SR07^SR07-07VT,GWNC,CHALF WGC SR07,SR07-07VT
1286,GWNC^CHALF WGC SR10^SR10-10,GWNC,CHALF WGC SR10,SR10-10
1573,GWNC^CHALF WGC SR05^SR05-05,GWNC,CHALF WGC SR05,SR05-05
1060,GWNC^CHALF WGC SR15^SR15-15VT,GWNC,CHALF WGC SR15,SR15-15VT
1171,GWNC^CHALF WGC SR06^SR06-06VT,GWNC,CHALF WGC SR06,SR06-06VT
689,GWNC^CHALF WGC SR16^SR16-16VT,GWNC,CHALF WGC SR16,SR16-16VT
1520,GWNC^CHALF WGC SR25^SR25-25,GWNC,CHALF WGC SR25,SR25-25
607,GWNC^CHALF WGC SR07^SR07-07,GWNC,CHALF WGC SR07,SR07-07
1131,GWNC^CHALF WGC SR01^SR01-01,GWNC,CHALF WGC SR01,SR01-01
231,GWNC^CHALF WGC SR16^SR16-16,GWNC,CHALF WGC SR16,SR16-16
1467,GWNC^CHALF WGC SR26^SR26-26,GWNC,CHALF WGC SR26,SR26-26
323,GWNC^CHALF WGC SR24^SR24-24,GWNC,CHALF WGC SR24,SR24-24
1622,GWNC^CHALF WGC SR11^SR11-11,GWNC,CHALF WGC SR11,SR11-11
1646,GWNC^CHALF WGC SR23^SR23-23,GWNC,CHALF WGC SR23,SR23-23
0,GWNC^CHALF WGC SR21^SR21-21,GWNC,CHALF WGC SR21,SR21-21
428,GWNC^CHALF WGC SR14^SR14-14,GWNC,CHALF WGC SR14,SR14-14
430,GWNC^CHALF WGC SR19^SR19-19,GWNC,CHALF WGC SR19,SR19-19
462,GWNC^CHALF WGC SR17^SR17-17VT,GWNC,CHALF WGC SR17,SR17-17VT
931,GWNC^CHALF WGC SR18^SR18-18,GWNC,CHALF WGC SR18,SR18-18
46,GWNC^CHALF WGC WAIT01^WAIT,GWNC,CHALF WGC WAIT01,WAIT
1749,GWNC^CHALF WGC SR04^SR04-04,GWNC,CHALF WGC SR04,SR04-04
1422,HASU^T07 BY08^BY08-35,HASU,T07 BY08,BY08-35
1614,HASU^T07 BY05^BY05-23,HASU,T07 BY05,BY05-23
685,HASU^T07 BY06^BY06-30,HASU,T07 BY06,BY06-30
272,HASU^T07 BY09^BY09-38,HASU,T07 BY09,BY09-38
1487,HASU^T07 BY07^BY07-33,HASU,T07 BY07,BY07-33
1510,HASU^T07 BY09^BY09-40,HASU,T07 BY09,BY09-40
1144,HASU^T07 BY08^BY08-36,HASU,T07 BY08,BY08-36
1824,HASU^T07 BY07^BY07-32,HASU,T07 BY07,BY07-32
109,HASU^T07 BY05^BY05-25,HASU,T07 BY05,BY05-25
1753,HASU^T07 BY08^BY08-34,HASU,T07 BY08,BY08-34
802,HASU^T07 BY09^BY09-37,HASU,T07 BY09,BY09-37
1089,HASU^T07 BY05^BY05-26,HASU,T07 BY05,BY05-26
357,HASU^T07 BY09^BY09-39,HASU,T07 BY09,BY09-39
1631,HASU^T07 BY06^BY06-27,HASU,T07 BY06,BY06-27
1833,HASU^T07 BY05^BY05-24,HASU,T07 BY05,BY05-24
790,HASU^T07 WAITING^WAIT,HASU,T07 WAITING,WAIT
1044,HASU^T07 BY07^BY07-31,HASU,T07 BY07,BY07-31
849,HASU^T07 BY06^BY06-28,HASU,T07 BY06,BY06-28
714,HASU^T07 BY06^BY06-29,HASU,T07 BY06,BY06-29
943,HJNQ^Q5HJ BY04^BY04-4B,HJNQ,Q5HJ BY04,BY04-4B
520,HJNQ^Q5HJ SR01^SR01-01,HJNQ,Q5HJ SR01,SR01-01
1061,HJNQ^Q5HJ BY03^BY03-3B,HJNQ,Q5HJ BY03,BY03-3B
1000,HJNQ^Q5HJ WAITING^WAIT,HJNQ,Q5HJ WAITING,WAIT
1506,HJNQ^Q5HJ BY05^BY05-5A,HJNQ,Q5HJ BY05,BY05-5A
1020,HJNQ^Q5HJ BY06^BY06-6A,HJNQ,Q5HJ BY06,BY06-6A
1502,HJNQ^Q5HJ BY04^BY04-4A,HJNQ,Q5HJ BY04,BY04-4A
1189,HJNQ^Q5HJ BY03^BY03-3A,HJNQ,Q5HJ BY03,BY03-3A
341,HJNQ^Q5HJ SR02^SR02-02 (PADDED),HJNQ,Q5HJ SR02,SR02-02 (PADDED)
923,HJNQ^Q5HJ BY05^BY05-5B,HJNQ,Q5HJ BY05,BY05-5B
1668,HJNQ^Q5HJ BY04^BY04-4D,HJNQ,Q5HJ BY04,BY04-4D
144,HJNQ^Q5HJ BY04^BY04-4C,HJNQ,Q5HJ BY04,BY04-4C
241,HS15^T15N SR09^SR09-09,HS15,T15N SR09,SR09-09
1160,HS15^T15N SR10^SR10-10,HS15,T15N SR10,SR10-10
646,HS15^T15N SR04^SR04-04,HS15,T15N SR04,SR04-04
1404,HS15^T15N SR01^SR01-01,HS15,T15N SR01,SR01-01
24,HS15^T15N SR06^SR06-06,HS15,T15N SR06,SR06-06
1090,HS15^T15N SR02^SR02-02,HS15,T15N SR02,SR02-02
25,HS15^T15N LOA^LOA,HS15,T15N LOA,LOA
1107,HS15^T15N SR05^SR05-05,HS15,T15N SR05,SR05-05
362,HS15^T15N SR12^SR12-12,HS15,T15N SR12,SR12-12
432,HS15^T15N SR03^SR03-03,HS15,T15N SR03,SR03-03
28,HS15^T15N WAITING^WAIT,HS15,T15N WAITING,WAIT
252,HS15^T15N SR11^SR11-11,HS15,T15N SR11,SR11-11
837,HS15^T15N SR08^SR08-08,HS15,T15N SR08,SR08-08
1627,HS15^null^null,HS15,null,null
1176,HS15^T15N SR07^SR07-07,HS15,T15N SR07,SR07-07
1333,HSDC^T15S SR27^SR27-27,HSDC,T15S SR27,SR27-27
547,HSDC^T15S SR28^SR28-28,HSDC,T15S SR28,SR28-28
1379,HSDC^T15S SR31^SR31-31,HSDC,T15S SR31,SR31-31
478,HSDC^T15S SR29^SR29-29,HSDC,T15S SR29,SR29-29
1276,HSDC^T15S SR18^SR18-18,HSDC,T15S SR18,SR18-18
121,HSDC^T15S SR17^SR17-17,HSDC,T15S SR17,SR17-17
333,HSDC^T15S SR25^SR25-25,HSDC,T15S SR25,SR25-25
1608,HSDC^T15S SR24^SR24-24,HSDC,T15S SR24,SR24-24
1604,HSDC^T15S SR23^SR23-23,HSDC,T15S SR23,SR23-23
854,HSDC^T15S WAITING^WAIT,HSDC,T15S WAITING,WAIT
994,HSDC^T15S SR21^SR21-21,HSDC,T15S SR21,SR21-21
469,HSDC^T15S SR32^SR32-32,HSDC,T15S SR32,SR32-32
1594,HSDC^T15S SR15^SR15-15,HSDC,T15S SR15,SR15-15
1701,HSDC^T15S SR19^SR19-19,HSDC,T15S SR19,SR19-19
848,HSDC^T15S SR22^SR22-22,HSDC,T15S SR22,SR22-22
1576,HSDC^T15S SR20^SR20-20,HSDC,T15S SR20,SR20-20
1526,HSDC^T15S SR30^SR30-30,HSDC,T15S SR30,SR30-30
703,HSDC^T15S SR16^SR16-16,HSDC,T15S SR16,SR16-16
466,HSDC^T15S SR14^SR14-14,HSDC,T15S SR14,SR14-14
784,HSDC^T15S SR26^SR26-26,HSDC,T15S SR26,SR26-26
1544,HYBD^UCH T02 HYBD POOL^WAIT,HYBD,UCH T02 HYBD POOL,WAIT
531,IV1AT^null^null,IV1AT,null,null
508,JDES5^null^null,JDES5,null,null
1457,JTNQ^Q7JTTU BY01^BY01-01,JTNQ,Q7JTTU BY01,BY01-01
131,JTNQ^Q7JTTU BY01^BY01-02,JTNQ,Q7JTTU BY01,BY01-02
347,JTNQ^Q7JTTU BY01^BY01-06,JTNQ,Q7JTTU BY01,BY01-06
270,JTNQ^Q7JTTU WAITING^WAIT,JTNQ,Q7JTTU WAITING,WAIT
1733,JTNQ^null^null,JTNQ,null,null
1708,JTNQ^Q7JTTU BY01^BY01-03,JTNQ,Q7JTTU BY01,BY01-03
851,JTNQ^Q7JTTU BY01^BY01-05,JTNQ,Q7JTTU BY01,BY01-05
806,JTNQ^Q7JTTU BY01^BY01-04,JTNQ,Q7JTTU BY01,BY01-04
222,JTNQ^Q7JTTU BY01^BY01-07,JTNQ,Q7JTTU BY01,BY01-07
1223,JYNQ^Q4JY BY02^BY02-05,JYNQ,Q4JY BY02,BY02-05
1411,JYNQ^Q4JY BY04^BY04-09,JYNQ,Q4JY BY04,BY04-09
1019,JYNQ^Q4JY BY01^BY01-02,JYNQ,Q4JY BY01,BY01-02
820,JYNQ^Q4JY BY04^BY04-12,JYNQ,Q4JY BY04,BY04-12
145,JYNQ^Q4JY BY04^BY04-10,JYNQ,Q4JY BY04,BY04-10
15,JYNQ^Q4JY BY03^BY03-08,JYNQ,Q4JY BY03,BY03-08
558,JYNQ^Q4JY BY04^BY04-11,JYNQ,Q4JY BY04,BY04-11
1781,JYNQ^Q4JY BY01^BY01-03,JYNQ,Q4JY BY01,BY01-03
206,JYNQ^Q4JY BY02^BY02-06,JYNQ,Q4JY BY02,BY02-06
1146,JYNQ^Q4JY BY01^BY01-01,JYNQ,Q4JY BY01,BY01-01
1795,JYNQ^Q4JY WAITING^WAIT,JYNQ,Q4JY WAITING,WAIT
1141,JYNQ^Q4JY BY03^BY03-07,JYNQ,Q4JY BY03,BY03-07
941,JYNQ^Q4JY SR01^SR01-01,JYNQ,Q4JY SR01,SR01-01
792,JYNQ^Q4JY BY01^BY01-04,JYNQ,Q4JY BY01,BY01-04
294,LVNB^OFF LOA MCCG03TYA^MCC G03 TYA (AMBICARE 3RD FLOOR),LVNB,OFF LOA MCCG03TYA,MCC G03 TYA (AMBICARE 3RD FLOOR)
410,LVNB^OFF LOA MCCH04AMB^MCC H02 AMBULATORY (ADULTS 2ND FLOOR),LVNB,OFF LOA MCCH04AMB,MCC H02 AMBULATORY (ADULTS 2ND FLOOR)
659,LVNB^OFF LOA POOL01^LOA,LVNB,OFF LOA POOL01,LOA
461,LW^E02LW SR01^SR01-A01,LW,E02LW SR01,SR01-A01
758,LW^E02LW SR07^SR07-A01,LW,E02LW SR07,SR07-A01
1331,LW^E02LW SR10^SR10-A01,LW,E02LW SR10,SR10-A01
955,LW^E02LW SR06^SR06-A01,LW,E02LW SR06,SR06-A01
1136,LW^E02LW WAITING^WAIT,LW,E02LW WAITING,WAIT
1419,LW^E02LW SR04^SR04-A01,LW,E02LW SR04,SR04-A01
57,LW^E02LW PR05^PR05-A01,LW,E02LW PR05,PR05-A01
888,LW^E02LW SR09^SR09-A01,LW,E02LW SR09,SR09-A01
985,LW^E02LW SR08^SR08-A01,LW,E02LW SR08,SR08-A01
1657,LW^E02LW SR11^SR11-A01,LW,E02LW SR11,SR11-A01
1125,LW^E02LW SRGR^SRGR-A01,LW,E02LW SRGR,SRGR-A01
1742,LW^E02LW SR02^SR02-A01,LW,E02LW SR02,SR02-A01
498,LW^E02LW SR12^SR12-A01,LW,E02LW SR12,SR12-A01
1715,LW^E02LW SR03^SR03-A01,LW,E02LW SR03,SR03-A01
1066,LWN^E02LWN SR10^SR10-C01,LWN,E02LWN SR10,SR10-C01
989,LWN^E02LWN SR06^SR06-C01,LWN,E02LWN SR06,SR06-C01
1707,LWN^E02LWN PR05^PR05-C01,LWN,E02LWN PR05,PR05-C01
625,LWN^E02LWN SRGR^SRGR-C01,LWN,E02LWN SRGR,SRGR-C01
1569,LWN^E02LWN SR07^SR07-C01,LWN,E02LWN SR07,SR07-C01
601,LWN^E02LWN SR11^SR11-C01,LWN,E02LWN SR11,SR11-C01
633,LWN^E02LWN SR01^SR01-C02,LWN,E02LWN SR01,SR01-C02
1524,LWN^E02LWN SRGR^SRGR-C02,LWN,E02LWN SRGR,SRGR-C02
963,LWN^E02LWN SR02^SR02-C02,LWN,E02LWN SR02,SR02-C02
881,LWN^E02LWN SR09^SR09-C02,LWN,E02LWN SR09,SR09-C02
992,LWN^E02LWN BUTTERFLY^BUTTERFLY,LWN,E02LWN BUTTERFLY,BUTTERFLY
257,LWN^E02LWN SR07^SR07-C02,LWN,E02LWN SR07,SR07-C02
1454,LWN^E02LWN SR11^SR11-C03,LWN,E02LWN SR11,SR11-C03
1606,LWN^E02LWN SR08^SR08-C02,LWN,E02LWN SR08,SR08-C02
1441,LWN^E02LWN PR05^PR05-C02,LWN,E02LWN PR05,PR05-C02
1640,LWN^E02LWN SR11^SR11-C02,LWN,E02LWN SR11,SR11-C02
1412,LWN^E02LWN SR06^SR06-C02,LWN,E02LWN SR06,SR06-C02
1651,LWN^E02LWN SR09^SR09-C01,LWN,E02LWN SR09,SR09-C01
643,LWN^E02LWN SR02^SR02-C01,LWN,E02LWN SR02,SR02-C01
1038,LWN^E02LWN SR01^SR01-C01,LWN,E02LWN SR01,SR01-C01
1501,LWN^E02LWN SR08^SR08-C01,LWN,E02LWN SR08,SR08-C01
134,LWN^E02LWN SR04^SR04-C01,LWN,E02LWN SR04,SR04-C01
664,LWN^E02LWN SR12^SR12-C01,LWN,E02LWN SR12,SR12-C01
1266,LWN^E02LWN SR03^SR03-C02,LWN,E02LWN SR03,SR03-C02
148,LWN^E02LWN SR12^SR12-C02,LWN,E02LWN SR12,SR12-C02
45,LWN^E02LWN SR03^SR03-C01,LWN,E02LWN SR03,SR03-C01
1679,LWN^E02LWN SR10^SR10-C02,LWN,E02LWN SR10,SR10-C02
1726,LWN^E02LWN SR04^SR04-C02,LWN,E02LWN SR04,SR04-C02
1324,LWNQ^A0WRW WAITING^WAIT,LWNQ,A0WRW WAITING,WAIT
94,LWNQ^A0WRW BY01^BY01-03,LWNQ,A0WRW BY01,BY01-03
720,LWNQ^A0WRW SR01^SR01-01,LWNQ,A0WRW SR01,SR01-01
1311,LWNQ^A0WRW SR02^SR02-02,LWNQ,A0WRW SR02,SR02-02
1244,LWNQ^NHNN WRW CLINIC^WAIT,LWNQ,NHNN WRW CLINIC,WAIT
480,LWNQ^A0WRW BY01^BY01-01,LWNQ,A0WRW BY01,BY01-01
975,LWNQ^A0WRW BY01^BY01-02,LWNQ,A0WRW BY01,BY01-02
228,LWNQ^null^null,LWNQ,null,null
1358,LWNQ^NHNN WRW CLINIC^CLINIC,LWNQ,NHNN WRW CLINIC,CLINIC
970,LWNQ^A0WRW SR03^SR03-03,LWNQ,A0WRW SR03,SR03-03
1618,LYNQ^Q1LAA BY01^BY01-04,LYNQ,Q1LAA BY01,BY01-04
1278,LYNQ^Q1LAA BY02^BY02-06,LYNQ,Q1LAA BY02,BY02-06
492,LYNQ^Q1LAA SR03^SR03-03,LYNQ,Q1LAA SR03,SR03-03
1702,LYNQ^Q1LAA BY03^BY03-18,LYNQ,Q1LAA BY03,BY03-18
474,LYNQ^Q1LAA BY02^BY02-05,LYNQ,Q1LAA BY02,BY02-05
582,LYNQ^Q1LAA BY03^BY03-08,LYNQ,Q1LAA BY03,BY03-08
1207,LYNQ^Q1LAA WAITING^WAIT,LYNQ,Q1LAA WAITING,WAIT
986,LYNQ^Q1LAA BY01^BY01-03,LYNQ,Q1LAA BY01,BY01-03
440,LYNQ^Q1LAA SR01^SR01-01,LYNQ,Q1LAA SR01,SR01-01
441,LYNQ^Q1LAA BY03^BY03-13,LYNQ,Q1LAA BY03,BY03-13
1633,LYNQ^Q1LAA BY01^BY01-01,LYNQ,Q1LAA BY01,BY01-01
528,LYNQ^Q1LAA BY04^BY04-11,LYNQ,Q1LAA BY04,BY04-11
928,LYNQ^Q1LAA BY03^BY03-07,LYNQ,Q1LAA BY03,BY03-07
483,LYNQ^Q1LAA BY01^BY01-02,LYNQ,Q1LAA BY01,BY01-02
787,LYNQ^Q1LAA BY04^BY04-12,LYNQ,Q1LAA BY04,BY04-12
1329,LYNQ^Q1LAA SR02^SR02-02,LYNQ,Q1LAA SR02,SR02-02
1527,LYNQ^Q1LAA BY04^BY04-10,LYNQ,Q1LAA BY04,BY04-10
954,LYNQ^Q1LAA BY04^BY04-09,LYNQ,Q1LAA BY04,BY04-09
85,MCCCV^null^null,MCCCV,null,null
1389,MCCCV^MCC CVEN POOL^CV,MCCCV,MCC CVEN POOL,CV
458,MCCTHR^MCCTHR POOL01^THR,MCCTHR,MCCTHR POOL01,THR
1152,MCUN^E03MCUN BY10^BY10-C33A,MCUN,E03MCUN BY10,BY10-C33A
260,MCUN^E03MCUN BY11^BY11-C37A,MCUN,E03MCUN BY11,BY11-C37A
816,MCUN^E03MCUN BY05^BY05-C16B,MCUN,E03MCUN BY05,BY05-C16B
233,MCUN^E03MCUN SR01^SR01-C01,MCUN,E03MCUN SR01,SR01-C01
1133,MCUN^E03MCUN BY11^BY11-C38B,MCUN,E03MCUN BY11,BY11-C38B
1217,MCUN^E03MCUN SR45^SR45-C02,MCUN,E03MCUN SR45,SR45-C02
996,MCUN^E03MCUN BY10^BY10-C36B,MCUN,E03MCUN BY10,BY10-C36B
859,MCUN^E03MCUN BY11^BY11-C40B,MCUN,E03MCUN BY11,BY11-C40B
1215,MCUN^E03MCUN BY09^BY09-C30A,MCUN,E03MCUN BY09,BY09-C30A
1237,MCUN^E03MCUN BY02^BY02-C02B,MCUN,E03MCUN BY02,BY02-C02B
786,MCUN^E03MCUN SR44^SR44-C02,MCUN,E03MCUN SR44,SR44-C02
1235,MCUN^E03MCUN BY04^BY04-C10B,MCUN,E03MCUN BY04,BY04-C10B
1028,MCUN^E03MCUN SR42^SR42-C01,MCUN,E03MCUN SR42,SR42-C01
1173,MCUN^E03MCUN BY10^BY10-C33B,MCUN,E03MCUN BY10,BY10-C33B
331,MCUN^E03MCUN BY05^BY05-C18B,MCUN,E03MCUN BY05,BY05-C18B
803,MCUN^E03MCUN BY06^BY06-C22A,MCUN,E03MCUN BY06,BY06-C22A
982,MCUN^E03MCUN BY02^BY02-C03B,MCUN,E03MCUN BY02,BY02-C03B
768,MCUN^E03MCUN BY02^BY02-C03A,MCUN,E03MCUN BY02,BY02-C03A
769,MCUN^E03MCUN SR43^SR43-C02,MCUN,E03MCUN SR43,SR43-C02
1051,MCUN^E03MCUN BY07^BY07-C24A,MCUN,E03MCUN BY07,BY07-C24A
845,MCUN^E03MCUN BY06^BY06-C21B,MCUN,E03MCUN BY06,BY06-C21B
1101,MCUN^E03MCUN BY08^BY08-C28A,MCUN,E03MCUN BY08,BY08-C28A
318,MCUN^E03MCUN BY09^BY09-C32B,MCUN,E03MCUN BY09,BY09-C32B
1178,MCUN^E03MCUN BY09^BY09-C31B,MCUN,E03MCUN BY09,BY09-C31B
1053,MCUN^E03MCUN BY04^BY04-C10A,MCUN,E03MCUN BY04,BY04-C10A
1110,MCUN^E03MCUN BY05^BY05-C15A,MCUN,E03MCUN BY05,BY05-C15A
871,MCUN^E03MCUN BY06^BY06-C20B,MCUN,E03MCUN BY06,BY06-C20B
219,MCUN^E03MCUN BY11^BY11-C40A,MCUN,E03MCUN BY11,BY11-C40A
829,MCUN^E03MCUN BY02^BY02-C05,MCUN,E03MCUN BY02,BY02-C05
1199,MCUN^E03MCUN BY08^BY08-C28B,MCUN,E03MCUN BY08,BY08-C28B
1354,MCUN^E03MCUN BY06^BY06-C19A,MCUN,E03MCUN BY06,BY06-C19A
1243,MCUN^E03MCUN BY08^BY08-C26A,MCUN,E03MCUN BY08,BY08-C26A
1315,MCUN^E03MCUN BY08^BY08-C26B,MCUN,E03MCUN BY08,BY08-C26B
1549,MCUN^E03MCUN BY04^BY04-C14A,MCUN,E03MCUN BY04,BY04-C14A
420,MCUN^E03MCUN BY09^BY09-C32A,MCUN,E03MCUN BY09,BY09-C32A
1554,MCUN^E03MCUN BY11^BY11-C37B,MCUN,E03MCUN BY11,BY11-C37B
640,MCUN^E03MCUN SR43^SR43-C01,MCUN,E03MCUN SR43,SR43-C01
1560,MCUN^E03MCUN BY05^BY05-C17A,MCUN,E03MCUN BY05,BY05-C17A
523,MCUN^E03MCUN BY02^BY02-C04B,MCUN,E03MCUN BY02,BY02-C04B
696,MCUN^E03MCUN BY04^BY04-C11A,MCUN,E03MCUN BY04,BY04-C11A
530,MCUN^E03MCUN SR45^SR45-C01,MCUN,E03MCUN SR45,SR45-C01
1563,MCUN^E03MCUN SR41^SR41-C02,MCUN,E03MCUN SR41,SR41-C02
137,MCUN^E03MCUN SR41^SR41-C01,MCUN,E03MCUN SR41,SR41-C01
1336,MCUN^E03MCUN BY04^BY04-C11B,MCUN,E03MCUN BY04,BY04-C11B
1664,MCUN^E03MCUN BY04^BY04-C12B,MCUN,E03MCUN BY04,BY04-C12B
59,MCUN^E03MCUN SR46^SR46-C01,MCUN,E03MCUN SR46,SR46-C01
1625,MCUN^E03MCUN BY09^BY09-C30B,MCUN,E03MCUN BY09,BY09-C30B
406,MCUN^E03MCUN BY02^BY02-C02A,MCUN,E03MCUN BY02,BY02-C02A
1353,MCUN^E03MCUN BY11^BY11-C38A,MCUN,E03MCUN BY11,BY11-C38A
1621,MCUN^E03MCUN BY10^BY10-C35B,MCUN,E03MCUN BY10,BY10-C35B
73,MCUN^E03MCUN BY11^BY11-C39A,MCUN,E03MCUN BY11,BY11-C39A
157,MCUN^E03MCUN BY11^BY11-C39B,MCUN,E03MCUN BY11,BY11-C39B
152,MCUN^E03MCUN BY03^BY03-C06A,MCUN,E03MCUN BY03,BY03-C06A
1597,MCUN^E03MCUN BY05^BY05-C18A,MCUN,E03MCUN BY05,BY05-C18A
1430,MCUN^E03MCUN BY09^BY09-C31A,MCUN,E03MCUN BY09,BY09-C31A
667,MCUN^E03MCUN BY06^BY06-C21A,MCUN,E03MCUN BY06,BY06-C21A
1582,MCUN^E03MCUN BY07^BY07-C23A,MCUN,E03MCUN BY07,BY07-C23A
709,MCUN^E03MCUN BY09^BY09-C29B,MCUN,E03MCUN BY09,BY09-C29B
656,MCUN^E03MCUN BY10^BY10-C36A,MCUN,E03MCUN BY10,BY10-C36A
178,MCUN^E03MCUN BY08^BY08-C27A,MCUN,E03MCUN BY08,BY08-C27A
95,MCUN^E03MCUN BY04^BY04-C12A,MCUN,E03MCUN BY04,BY04-C12A
1473,MCUN^E03MCUN BY03^BY03-C06B,MCUN,E03MCUN BY03,BY03-C06B
602,MCUN^E03MCUN SR44^SR44-C01,MCUN,E03MCUN SR44,SR44-C01
1832,MCUN^E03MCUN BY05^BY05-C15B,MCUN,E03MCUN BY05,BY05-C15B
1250,MCUN^E03MCUN BY07^BY07-C23B,MCUN,E03MCUN BY07,BY07-C23B
1814,MCUN^E03MCUN BY07^BY07-C24B,MCUN,E03MCUN BY07,BY07-C24B
1811,MCUN^E03MCUN BY06^BY06-C20A,MCUN,E03MCUN BY06,BY06-C20A
1807,MCUN^E03MCUN BY06^BY06-C19B,MCUN,E03MCUN BY06,BY06-C19B
346,MCUN^E03MCUN BY03^BY03-C08B,MCUN,E03MCUN BY03,BY03-C08B
627,MCUN^E03MCUN SR42^SR42-C02,MCUN,E03MCUN SR42,SR42-C02
734,MCUN^E03MCUN BY08^BY08-C25B,MCUN,E03MCUN BY08,BY08-C25B
1713,MCUN^E03MCUN BY05^BY05-C17B,MCUN,E03MCUN BY05,BY05-C17B
1794,MCUN^E03MCUN BY03^BY03-C07A,MCUN,E03MCUN BY03,BY03-C07A
349,MCUN^E03MCUN BY10^BY10-C34B,MCUN,E03MCUN BY10,BY10-C34B
729,MCUN^E03MCUN BY04^BY04-C14B,MCUN,E03MCUN BY04,BY04-C14B
1724,MCUN^E03MCUN BY10^BY10-C34A,MCUN,E03MCUN BY10,BY10-C34A
376,MCUN^E03MCUN BY02^BY02-C05A,MCUN,E03MCUN BY02,BY02-C05A
1741,MCUN^E03MCUN BY03^BY03-C09B,MCUN,E03MCUN BY03,BY03-C09B
502,MCUN^E03MCUN BY08^BY08-C27B,MCUN,E03MCUN BY08,BY08-C27B
476,MCUN^E03MCUN BY06^BY06-C22B,MCUN,E03MCUN BY06,BY06-C22B
724,MCUN^E03MCUN BY02^BY02-C04A,MCUN,E03MCUN BY02,BY02-C04A
494,MCUN^E03MCUN BY03^BY03-C09A,MCUN,E03MCUN BY03,BY03-C09A
395,MCUN^E03MCUN BY10^BY10-C35A,MCUN,E03MCUN BY10,BY10-C35A
493,MCUN^E03MCUN BY09^BY09-C29A,MCUN,E03MCUN BY09,BY09-C29A
1768,MCUN^E03MCUN BY03^BY03-C08A,MCUN,E03MCUN BY03,BY03-C08A
98,MCUN^E03MCUN BY08^BY08-C25A,MCUN,E03MCUN BY08,BY08-C25A
629,MCUN^E03MCUN BY05^BY05-C16A,MCUN,E03MCUN BY05,BY05-C16A
369,MCUN^E03MCUN BY03^BY03-C07B,MCUN,E03MCUN BY03,BY03-C07B
1577,MFAW^MFAU SR09^SR09-09,MFAW,MFAU SR09,SR09-09
1477,MFAW^MFAU SR08^SR08-08,MFAW,MFAU SR08,SR08-08
584,MFAW^MFAU SR03^SR03-03,MFAW,MFAU SR03,SR03-03
1674,MFAW^MFAU SR04^SR04-04,MFAW,MFAU SR04,SR04-04
1391,MFAW^MFAU SR07^SR07-07,MFAW,MFAU SR07,SR07-07
1522,MFAW^null^null,MFAW,null,null
788,MFAW^MFAU SR02^SR02-02,MFAW,MFAU SR02,SR02-02
354,MFAW^MFAU SR06^SR06-06,MFAW,MFAU SR06,SR06-06
1242,MFAW^MFAU SR01^SR01-01,MFAW,MFAU SR01,SR01-01
702,MFAW^MFAU WAIT^WAITING,MFAW,MFAU WAIT,WAITING
1804,MFAW^MFAU SR05^SR05-05,MFAW,MFAU SR05,SR05-05
1779,MFAW^MFAU COTS^COT,MFAW,MFAU COTS,COT
576,MFNQ^C4MLF BY04^BY04-03,MFNQ,C4MLF BY04,BY04-03
1087,MFNQ^C4MLF BY04^BY04-04,MFNQ,C4MLF BY04,BY04-04
446,MFNQ^C4MLF BY01^BY01-05,MFNQ,C4MLF BY01,BY01-05
1834,MFNQ^C4MLF BY02^BY02-05,MFNQ,C4MLF BY02,BY02-05
1776,MFNQ^C4MLF BY04^BY04-05,MFNQ,C4MLF BY04,BY04-05
998,MFNQ^C4MLF BY02^BY02-02,MFNQ,C4MLF BY02,BY02-02
1735,MFNQ^C4MLF BY03^BY03-02,MFNQ,C4MLF BY03,BY03-02
1059,MFNQ^C4MLF BY03^BY03-03,MFNQ,C4MLF BY03,BY03-03
872,MFNQ^C4MLF WAITING^WAIT,MFNQ,C4MLF WAITING,WAIT
1067,MFNQ^C4MLF BY01^BY01-01,MFNQ,C4MLF BY01,BY01-01
870,MFNQ^C4MLF BY03^BY03-01,MFNQ,C4MLF BY03,BY03-01
71,MFNQ^C4MLF BY01^BY01-03,MFNQ,C4MLF BY01,BY01-03
885,MFNQ^C4MLF BY03^BY03-05,MFNQ,C4MLF BY03,BY03-05
748,MFNQ^null^null,MFNQ,null,null
1507,MFNQ^C4MLF BY03^BY03-04,MFNQ,C4MLF BY03,BY03-04
352,MFNQ^C4MLF BY01^BY01-02,MFNQ,C4MLF BY01,BY01-02
1238,MFNQ^C4MLF BY02^BY02-06,MFNQ,C4MLF BY02,BY02-06
765,MFNQ^C4MLF BY04^BY04-02,MFNQ,C4MLF BY04,BY04-02
1200,MFNQ^C4MLF BY03^BY03-06,MFNQ,C4MLF BY03,BY03-06
1196,MFNQ^C4MLF SR01^SR01-01,MFNQ,C4MLF SR01,SR01-01
1296,MFNQ^C4MLF SR02^SR02-02,MFNQ,C4MLF SR02,SR02-02
1326,MFNQ^C4MLF SR03^SR03-03,MFNQ,C4MLF SR03,SR03-03
804,MFNQ^C4MLF BY01^BY01-04,MFNQ,C4MLF BY01,BY01-04
1410,MFNQ^C4MLF BY02^BY02-04,MFNQ,C4MLF BY02,BY02-04
1126,MFNQ^C4MLF BY02^BY02-03,MFNQ,C4MLF BY02,BY02-03
913,MFNQ^C4MLF BY04^BY04-06,MFNQ,C4MLF BY04,BY04-06
1466,MFNQ^C4MLF BY02^BY02-01,MFNQ,C4MLF BY02,BY02-01
319,MFNQ^C4MLF BY04^BY04-01,MFNQ,C4MLF BY04,BY04-01
1519,MINQ^C0MITU SR06^SR06-06,MINQ,C0MITU SR06,SR06-06
49,MINQ^C0MITU CB04^CB04-04,MINQ,C0MITU CB04,CB04-04
126,MINQ^C0MITU WAITING^WAIT,MINQ,C0MITU WAITING,WAIT
880,MINQ^C0MITU SR05^SR05-05,MINQ,C0MITU SR05,SR05-05
1163,MINQ^C0MITU CB02^CB02-02,MINQ,C0MITU CB02,CB02-02
678,MINQ^C0MITU CB08^CB08-08,MINQ,C0MITU CB08,CB08-08
1209,MINQ^C0MITU CB09^CB09-09,MINQ,C0MITU CB09,CB09-09
1698,MINQ^C0MITU SR01^SR01-01,MINQ,C0MITU SR01,SR01-01
433,MINQ^C0MITU CB07^CB07-07,MINQ,C0MITU CB07,CB07-07
1260,MINQ^C0MITU SR10^SR10-10,MINQ,C0MITU SR10,SR10-10
735,MMCHCA^MCCHCA BY01^BY01-CH01,MMCHCA,MCCHCA BY01,BY01-CH01
236,MMCHCA^MCCHCA BY02^BY02-BD02,MMCHCA,MCCHCA BY02,BY02-BD02
1277,MMCHCA^MCCHCA LOA^LOA,MMCHCA,MCCHCA LOA,LOA
292,MMCHCA^MCCHCA BY02^BY02-CH07,MMCHCA,MCCHCA BY02,BY02-CH07
1292,MMCHCA^MCCHCA BY04^BY04-02,MMCHCA,MCCHCA BY04,BY04-02
298,MMCHCA^MCCHCA SR06^SR06-06,MMCHCA,MCCHCA SR06,SR06-06
1479,MMCHCA^MCCHCA BY02^BY02-CH08,MMCHCA,MCCHCA BY02,BY02-CH08
515,MMCHCA^MCCHCA BY04^BY04-04,MMCHCA,MCCHCA BY04,BY04-04
1248,MMCHCA^MCCHCA BY04^BY04-01,MMCHCA,MCCHCA BY04,BY04-01
207,MMCHCA^MCCHCA BY01^BY01-CH04,MMCHCA,MCCHCA BY01,BY01-CH04
890,MMCHCA^MCCHCA WAITING^WAIT,MMCHCA,MCCHCA WAITING,WAIT
1179,MMCHCA^MCCHCA BY01^BY01-CH03,MMCHCA,MCCHCA BY01,BY01-CH03
915,MMCHCA^null^null,MMCHCA,null,null
267,MMCHCA^MCCHCA BY02^BY02-CH09,MMCHCA,MCCHCA BY02,BY02-CH09
151,MMCHCA^MCCHCA BY03^BY03-02,MMCHCA,MCCHCA BY03,BY03-02
1452,MMCHCA^MCCHCA BY03^BY03-01,MMCHCA,MCCHCA BY03,BY03-01
50,MMCHCA^MCCHCA BY03^BY03-03,MMCHCA,MCCHCA BY03,BY03-03
363,MMCHCA^MCCHCA BY04^BY04-03,MMCHCA,MCCHCA BY04,BY04-03
1445,MMCHCA^MCCHCA BY01^BY01-CH02,MMCHCA,MCCHCA BY01,BY01-CH02
1681,MMCHCA^MCCHCA SR05^SR05-05,MMCHCA,MCCHCA SR05,SR05-05
1258,MMDP^MMKT DERM SR01^SR01-01,MMDP,MMKT DERM SR01,SR01-01
1016,MMDP^MMKT DERM WAITING^WAIT,MMDP,MMKT DERM WAITING,WAIT
1785,MMDP^MMKT DERM SR02^SR02-02,MMDP,MMKT DERM SR02,SR02-02
135,MMDP^null^null,MMDP,null,null
926,MVNQ^Q6MV BY04^BY04-11,MVNQ,Q6MV BY04,BY04-11
751,MVNQ^Q6MV WAITING^WAIT,MVNQ,Q6MV WAITING,WAIT
1774,MVNQ^Q6MV SR01^SR01-01,MVNQ,Q6MV SR01,SR01-01
1420,MVNQ^Q6MV BY02^BY02-04,MVNQ,Q6MV BY02,BY02-04
4,MVNQ^Q6MV BY03^BY03-06,MVNQ,Q6MV BY03,BY03-06
1072,MVNQ^Q6MV BY01^BY01-01,MVNQ,Q6MV BY01,BY01-01
245,MVNQ^Q6MV BY01^BY01-03,MVNQ,Q6MV BY01,BY01-03
981,MVNQ^Q6MV BY03^BY03-07,MVNQ,Q6MV BY03,BY03-07
1810,MVNQ^Q6MV BY02^BY02-05,MVNQ,Q6MV BY02,BY02-05
1334,MVNQ^Q6MV BY04^BY04-12,MVNQ,Q6MV BY04,BY04-12
1335,MVNQ^Q6MV SR02^SR02-02,MVNQ,Q6MV SR02,SR02-02
514,MVNQ^Q6MV BY03^BY03-08,MVNQ,Q6MV BY03,BY03-08
1181,MVNQ^Q6MV BY01^BY01-02,MVNQ,Q6MV BY01,BY01-02
1639,MVNQ^Q6MV BY03^BY03-09,MVNQ,Q6MV BY03,BY03-09
1344,MVNQ^Q6MV BY04^BY04-10,MVNQ,Q6MV BY04,BY04-10
1052,NCNQ^C0NMCCC BY01^BY01-02,NCNQ,C0NMCCC BY01,BY01-02
1298,NCNQ^C0NMCCC SR01^SR01-01,NCNQ,C0NMCCC SR01,SR01-01
190,NCNQ^C0NMCCC BY01^BY01-05,NCNQ,C0NMCCC BY01,BY01-05
946,NCNQ^C0NMCCC BY01^BY01-03,NCNQ,C0NMCCC BY01,BY01-03
1780,NCNQ^C0NMCCC WAITING^WAIT,NCNQ,C0NMCCC WAITING,WAIT
1351,NCNQ^C0NMCCC BY01^BY01-01,NCNQ,C0NMCCC BY01,BY01-01
12,NCNQ^C0NMCCC BY01^BY01-04,NCNQ,C0NMCCC BY01,BY01-04
1153,NFNQ^C4NF SR16^SR16-16,NFNQ,C4NF SR16,SR16-16
1745,NFNQ^C4NF SR10^SR10-10,NFNQ,C4NF SR10,SR10-10
1115,NFNQ^C4NF SR09^SR09-09,NFNQ,C4NF SR09,SR09-09
1127,NFNQ^C4NF SR13^SR13-13,NFNQ,C4NF SR13,SR13-13
1337,NFNQ^C4NF SR17^SR17-17,NFNQ,C4NF SR17,SR17-17
208,NFNQ^C4NF SR14^SR14-14,NFNQ,C4NF SR14,SR14-14
195,NFNQ^null^null,NFNQ,null,null
1568,NFNQ^C4NF SR04^SR04-04,NFNQ,C4NF SR04,SR04-04
1091,NFNQ^C4NF SR07^SR07-07,NFNQ,C4NF SR07,SR07-07
1320,NFNQ^C4NF WAITING^WAIT,NFNQ,C4NF WAITING,WAIT
1111,NFNQ^C4NF SR18^SR18-18,NFNQ,C4NF SR18,SR18-18
1273,NFNQ^C4NF SR03^SR03-03,NFNQ,C4NF SR03,SR03-03
133,NFNQ^C4NF SR11^SR11-11,NFNQ,C4NF SR11,SR11-11
1140,NFNQ^C4NF SR01^SR01-1B,NFNQ,C4NF SR01,SR01-1B
380,NFNQ^C4NF SR12^SR12-12,NFNQ,C4NF SR12,SR12-12
661,NFNQ^C4NF SR01^SR01-1A,NFNQ,C4NF SR01,SR01-1A
401,NFNQ^C4NF SR15^SR15-15,NFNQ,C4NF SR15,SR15-15
799,NFNQ^C4NF SR05^SR05-05,NFNQ,C4NF SR05,SR05-05
403,NFNQ^C4NF SR02^SR02-02,NFNQ,C4NF SR02,SR02-02
538,NFNQ^C4NF SR06^SR06-06,NFNQ,C4NF SR06,SR06-06
814,NFNQ^C4NF SR08^SR08-08,NFNQ,C4NF SR08,SR08-08
917,NHNNIR^NHNN IR POOL^POOL,NHNNIR,NHNN IR POOL,POOL
1304,NHNNIR^NHNN C0 INT RADIOLOGY POOL ROOM^INR,NHNNIR,NHNN C0 INT RADIOLOGY POOL ROOM,INR
544,NHNNTHR^null^null,NHNNTHR,null,null
1327,NHNNTHR^NHNNTHR POOL01^THR,NHNNTHR,NHNNTHR POOL01,THR
1661,NICU^NICU NU04^NU04-17,NICU,NICU NU04,NU04-17
997,NICU^NICU NU05^NU05-22,NICU,NICU NU05,NU05-22
48,NICU^NICU NU01^NU01-A,NICU,NICU NU01,NU01-A
418,NICU^NICU NU05^NU05-21,NICU,NICU NU05,NU05-21
807,NICU^NICU NU02^NU02-07,NICU,NICU NU02,NU02-07
1532,NICU^NICU CB01^CB01-05,NICU,NICU CB01,CB01-05
1106,NICU^NICU NU01^NU01-01,NICU,NICU NU01,NU01-01
1302,NICU^NICU NU03^NU03-12,NICU,NICU NU03,NU03-12
1503,NICU^NICU NU02^NU02-10,NICU,NICU NU02,NU02-10
967,NICU^NICU NU01^NU01-04,NICU,NICU NU01,NU01-04
1083,NICU^NICU NU02^NU02-C,NICU,NICU NU02,NU02-C
1765,NICU^NICU NU03^NU03-14,NICU,NICU NU03,NU03-14
184,NICU^NICU NU04^NU04-19,NICU,NICU NU04,NU04-19
1359,NICU^NICU NU04^NU04-18,NICU,NICU NU04,NU04-18
339,NICU^NICU NU03^NU03-F,NICU,NICU NU03,NU03-F
1428,NICU^NICU CB02^CB02-06,NICU,NICU CB02,CB02-06
630,NICU^NICU NU02^NU02-09,NICU,NICU NU02,NU02-09
1035,NICU^NICU NU01^NU01-03,NICU,NICU NU01,NU01-03
761,NICU^NICU NU02^NU02-08,NICU,NICU NU02,NU02-08
1156,NICU^NICU NU03^NU03-E,NICU,NICU NU03,NU03-E
68,NICU^NICU NU01^NU01-B,NICU,NICU NU01,NU01-B
1265,NICU^NICU NU01^NU01-02,NICU,NICU NU01,NU01-02
598,NICU^NICU NU02^NU02-D,NICU,NICU NU02,NU02-D
1062,NICU^NICU NU03^NU03-15,NICU,NICU NU03,NU03-15
934,NICU^NICU NU05^NU05-20,NICU,NICU NU05,NU05-20
1360,NICU^NICU NU03^NU03-11,NICU,NICU NU03,NU03-11
1261,NICU^NICU NU04^NU04-16,NICU,NICU NU04,NU04-16
337,NRVY^NRVY CB02^CB02-S2,NRVY,NRVY CB02,CB02-S2
99,NRVY^NRVY CB01^CB01-S1,NRVY,NRVY CB01,CB01-S1
513,OFFBIRTH^OFFBIRTH POOL01^HOME BIRTH,OFFBIRTH,OFFBIRTH POOL01,HOME BIRTH
772,ONCSUP^MCCSUP SR19A^SR19A,ONCSUP,MCCSUP SR19A,SR19A
212,ONCSUP^MCCSUP SR21^SR21,ONCSUP,MCCSUP SR21,SR21
1306,ONCSUP^MCCSUP CH29^CH29,ONCSUP,MCCSUP CH29,CH29
159,ONCSUP^MCCSUP SR27^SR27,ONCSUP,MCCSUP SR27,SR27
1424,ONCSUP^MCCSUP WAITING^WAIT,ONCSUP,MCCSUP WAITING,WAIT
422,ONCSUP^MCCSUP SR19B^SR19B,ONCSUP,MCCSUP SR19B,SR19B
642,ONCSUP^MCCSUP CH04^CH04,ONCSUP,MCCSUP CH04,CH04
1498,ONCSUP^MCCSUP CH10^CH10,ONCSUP,MCCSUP CH10,CH10
259,ONCSUP^MCCSUP CH02^CH02,ONCSUP,MCCSUP CH02,CH02
726,ONCSUP^MCCSUP CH03^CH03,ONCSUP,MCCSUP CH03,CH03
1743,ONCSUP^MCCSUP IN TREAT^HOLDING,ONCSUP,MCCSUP IN TREAT,HOLDING
129,ONCSUP^MCCSUP CH07^CH07,ONCSUP,MCCSUP CH07,CH07
350,ONCSUP^null^null,ONCSUP,null,null
1219,ONCSUP^MCCSUP SR20^SR20,ONCSUP,MCCSUP SR20,SR20
622,ONCSUP^MCCSUP SR28^SR28,ONCSUP,MCCSUP SR28,SR28
1782,ONCSUP^MCCSUP CH09^CH09,ONCSUP,MCCSUP CH09,CH09
728,ONCSUP^MCCSUP CH05^CH05,ONCSUP,MCCSUP CH05,CH05
722,ONCSUP^MCCSUP BD22^BD22,ONCSUP,MCCSUP BD22,BD22
1259,ONCSUP^MCCSUP CH08^CH08,ONCSUP,MCCSUP CH08,CH08
454,ONCSUP^MCCSUP CH06^CH06,ONCSUP,MCCSUP CH06,CH06
932,ONCSUP^MCCSUP BD23^BD23,ONCSUP,MCCSUP BD23,BD23
124,ONCSUP^MCCSUP CH30^CH30,ONCSUP,MCCSUP CH30,CH30
1279,ONCSUP^MCCSUP BD24^BD24,ONCSUP,MCCSUP BD24,BD24
1830,ONCSUP^MCCSUP CH01^CH01,ONCSUP,MCCSUP CH01,CH01
1245,ONCSUP^MCCSUP BD25^BD25,ONCSUP,MCCSUP BD25,BD25
1233,ONCSUP^MCCSUP SR26^SR26,ONCSUP,MCCSUP SR26,SR26
1340,P02CT^UCH P02 IR POOL^POOL,P02CT,UCH P02 IR POOL,POOL
150,P02CT^null^null,P02CT,null,null
213,P02G^null^null,P02G,null,null
381,P02G^UCH P02 ENDO POOL^ENDO,P02G,UCH P02 ENDO POOL,ENDO
1545,P02IR^UCH P02 IR POOL^POOL,P02IR,UCH P02 IR POOL,POOL
153,P02IR^null^null,P02IR,null,null
1675,P02MRI^UCH P02 IR POOL^POOL,P02MRI,UCH P02 IR POOL,POOL
645,P02MRI^null^null,P02MRI,null,null
1,RBNQ^Q3NRU WAITING^WAIT,RBNQ,Q3NRU WAITING,WAIT
1589,RBNQ^Q3NRU BY03^BY03-02,RBNQ,Q3NRU BY03,BY03-02
442,RBNQ^Q3NRU BY04^BY04-01,RBNQ,Q3NRU BY04,BY04-01
102,RBNQ^Q3NRU BY04^BY04-02,RBNQ,Q3NRU BY04,BY04-02
850,RBNQ^Q3NRU BY01^BY01-01,RBNQ,Q3NRU BY01,BY01-01
1530,RBNQ^Q3NRU BY02^BY02-04,RBNQ,Q3NRU BY02,BY02-04
922,RBNQ^Q3NRU BY01^BY01-03,RBNQ,Q3NRU BY01,BY01-03
1822,RBNQ^Q3NRU BY01^BY01-02,RBNQ,Q3NRU BY01,BY01-02
216,RBNQ^Q3NRU BY03^BY03-01,RBNQ,Q3NRU BY03,BY03-01
1109,RBNQ^Q3NRU BY02^BY02-02,RBNQ,Q3NRU BY02,BY02-02
1295,RBNQ^Q3NRU BY01^BY01-04,RBNQ,Q3NRU BY01,BY01-04
1488,RBNQ^Q3NRU BY04^BY04-03,RBNQ,Q3NRU BY04,BY04-03
944,RBNQ^Q3NRU BY02^BY02-01,RBNQ,Q3NRU BY02,BY02-01
307,RBNQ^Q3NRU SR01^SR01-01,RBNQ,Q3NRU SR01,SR01-01
974,RBNQ^Q3NRU BY03^BY03-03,RBNQ,Q3NRU BY03,BY03-03
1760,RBNQ^Q3NRU BY03^BY03-04,RBNQ,Q3NRU BY03,BY03-04
174,RBNQ^Q3NRU SR02^SR02-02,RBNQ,Q3NRU SR02,SR02-02
1448,RBNQ^Q3NRU BY02^BY02-03,RBNQ,Q3NRU BY02,BY02-03
539,RNTNETHR^RNTNETHR POOL01^THR,RNTNETHR,RNTNETHR POOL01,THR
1792,SCBU^SCBU NU06^NU06-G,SCBU,SCBU NU06,NU06-G
177,SCBU^SCBU NU06^NU06-26,SCBU,SCBU NU06,NU06-26
62,SCBU^SCBU NU08^NU08-32,SCBU,SCBU NU08,NU08-32
396,SCBU^SCBU SR01^SR01-01B,SCBU,SCBU SR01,SR01-01B
1788,SCBU^SCBU NU08^NU08-34,SCBU,SCBU NU08,NU08-34
1283,SCBU^SCBU NU07^NU07-29,SCBU,SCBU NU07,NU07-29
789,SCBU^SCBU SR02^SR02-02A,SCBU,SCBU SR02,SR02-02A
179,SCBU^SCBU NU07^NU07-H,SCBU,SCBU NU07,NU07-H
370,SCBU^SCBU SR01^SR01-01A,SCBU,SCBU SR01,SR01-01A
559,SCBU^SCBU NU08^NU08-31,SCBU,SCBU NU08,NU08-31
879,SCBU^SCBU NU06^NU06-24,SCBU,SCBU NU06,NU06-24
1165,SCBU^SCBU NU06^NU06-25,SCBU,SCBU NU06,NU06-25
304,SCBU^SCBU NU07^NU07-28,SCBU,SCBU NU07,NU07-28
884,SCBU^SCBU NU08^NU08-33,SCBU,SCBU NU08,NU08-33
220,SCBU^SCBU NU07^NU07-27,SCBU,SCBU NU07,NU07-27
16,SCBU^SCBU SR01^SR01-01C,SCBU,SCBU SR01,SR01-01C
647,SCBU^SCBU NU06^NU06-23,SCBU,SCBU NU06,NU06-23
393,SCBU^SCBU SR02^SR02-02B,SCBU,SCBU SR02,SR02-02B
1154,SCBU^SCBU NU07^NU07-30,SCBU,SCBU NU07,NU07-30
1732,SINQ^C1SITU CB03^CB03-03,SINQ,C1SITU CB03,CB03-03
796,SINQ^null^null,SINQ,null,null
263,SINQ^C1SITU CB17^CB17-17,SINQ,C1SITU CB17,CB17-17
1825,SINQ^C1SITU CB18^CB18-18,SINQ,C1SITU CB18,CB18-18
1730,SINQ^C1SITU CB01^CB01-01,SINQ,C1SITU CB01,CB01-01
648,SINQ^C1SITU SR19^SR19-19,SINQ,C1SITU SR19,SR19-19
132,SINQ^C1SITU SR08^SR08-08,SINQ,C1SITU SR08,SR08-08
1001,SINQ^C1SITU CB04^CB04-04,SINQ,C1SITU CB04,CB04-04
780,SINQ^C1SITU CB05^CB05-05,SINQ,C1SITU CB05,CB05-05
781,SINQ^C1SITU CB06^CB06-06,SINQ,C1SITU CB06,CB06-06
1015,SINQ^C1SITU CB11^CB11-11,SINQ,C1SITU CB11,CB11-11
637,SINQ^C1SITU CB02^CB02-02,SINQ,C1SITU CB02,CB02-02
1317,SINQ^C1SITU CB13^CB13-13,SINQ,C1SITU CB13,CB13-13
285,SINQ^C1SITU CB16^CB16-16,SINQ,C1SITU CB16,CB16-16
564,SINQ^C1SITU CB14^CB14-14,SINQ,C1SITU CB14,CB14-14
210,SINQ^C1SITU CB12^CB12-12,SINQ,C1SITU CB12,CB12-12
1221,SINQ^C1SITU CB15^CB15-15,SINQ,C1SITU CB15,CB15-15
1026,SINQ^C1SITU CB10^CB10-10,SINQ,C1SITU CB10,CB10-10
517,SINQ^C1SITU SR07^SR07-07,SINQ,C1SITU SR07,SR07-07
1364,SINQ^C1SITU CB09^CB09-09,SINQ,C1SITU CB09,CB09-09
374,SINQ^C1SITU WAITING^WAIT,SINQ,C1SITU WAITING,WAIT
141,SPEV^OFF EVERGRN BY05^BY05-13,SPEV,OFF EVERGRN BY05,BY05-13
1102,SPEV^OFF EVERGRN BY01^BY01-02,SPEV,OFF EVERGRN BY01,BY01-02
626,SPEV^OFF EVERGRN BY01^BY01-04,SPEV,OFF EVERGRN BY01,BY01-04
367,SPEV^OFF EVERGRN BY06^BY06-15,SPEV,OFF EVERGRN BY06,BY06-15
32,SPEV^OFF EVERGRN BY01^BY01-03,SPEV,OFF EVERGRN BY01,BY01-03
22,SPEV^OFF EVERGRN BY03^BY03-10,SPEV,OFF EVERGRN BY03,BY03-10
1683,SPEV^OFF EVERGRN BY01^BY01-01,SPEV,OFF EVERGRN BY01,BY01-01
899,SPEV^OFF EVERGRN BY02^BY02-08,SPEV,OFF EVERGRN BY02,BY02-08
1764,SPEV^OFF EVERGRN BY03^BY03-09,SPEV,OFF EVERGRN BY03,BY03-09
940,SPEV^OFF EVERGRN BY05^BY05-12,SPEV,OFF EVERGRN BY05,BY05-12
566,SPEV^OFF EVERGRN SR11^SR11-11,SPEV,OFF EVERGRN SR11,SR11-11
959,SPEV^OFF EVERGRN BY02^BY02-07,SPEV,OFF EVERGRN BY02,BY02-07
7,SPEV^OFF EVERGRN BY06^BY06-14,SPEV,OFF EVERGRN BY06,BY06-14
1385,SPEV^OFF EVERGRN BY02^BY02-06,SPEV,OFF EVERGRN BY02,BY02-06
1386,SPEV^OFF EVERGRN WAITING^WAIT,SPEV,OFF EVERGRN WAITING,WAIT
1225,SPEV^OFF EVERGRN BY06^BY06-16,SPEV,OFF EVERGRN BY06,BY06-16
1827,SPEV^OFF EVERGRN BY06^BY06-17,SPEV,OFF EVERGRN BY06,BY06-17
9,SPEV^OFF EVERGRN BY02^BY02-05,SPEV,OFF EVERGRN BY02,BY02-05
61,SSUN^RNTNE SSU SR16^SR16-16,SSUN,RNTNE SSU SR16,SR16-16
725,SSUN^null^null,SSUN,null,null
1575,SSUN^RNTNE SSU DAYCASE^DAYCASE,SSUN,RNTNE SSU DAYCASE,DAYCASE
351,T01^T01 BY03^BY03-43R,T01,T01 BY03,BY03-43R
1275,T01^T01 BY04^BY04-51B,T01,T01 BY04,BY04-51B
1216,T01^T01 BY02^BY02-15G,T01,T01 BY02,BY02-15G
825,T01^T01 BY01^BY01-11Y,T01,T01 BY01,BY01-11Y
196,T01^T01 BY01^BY01-05Y,T01,T01 BY01,BY01-05Y
1458,T01^T01 SR03^SR03-03Y,T01,T01 SR03,SR03-03Y
818,T01^T01 BY03^BY03-31R,T01,T01 BY03,BY03-31R
183,T01^T01 SR02^SR02-02Y,T01,T01 SR02,SR02-02Y
1406,T01^T01 BY03^BY03-35R,T01,T01 BY03,BY03-35R
147,T01^T01 BY02^BY02-24G,T01,T01 BY02,BY02-24G
444,T01^T01 BY02^BY02-18G,T01,T01 BY02,BY02-18G
158,T01^T01 WAITING^WAIT,T01,T01 WAITING,WAIT
1370,T01^T01 SR55^SR55-55B,T01,T01 SR55,SR55-55B
1357,T01^T01 BY02^BY02-16G,T01,T01 BY02,BY02-16G
717,T01^T01 BY02^BY02-26G,T01,T01 BY02,BY02-26G
1170,T01^T01 BY02^BY02-17G,T01,T01 BY02,BY02-17G
817,T01^T01 SR14^SR14-14Y,T01,T01 SR14,SR14-14Y
361,T01^T01 BY02^BY02-19G,T01,T01 BY02,BY02-19G
700,T01^T01 BY03^BY03-37R,T01,T01 BY03,BY03-37R
1325,T01^T01 BY03^BY03-36R,T01,T01 BY03,BY03-36R
1443,T01^T01 SR54^SR54-54B,T01,T01 SR54,SR54-54B
1413,T01^T01 SR41^SR41-41R,T01,T01 SR41,SR41-41R
681,T01^T01 BY04^BY04-48B,T01,T01 BY04,BY04-48B
355,T01^T01 BY01^BY01-07Y,T01,T01 BY01,BY01-07Y
1375,T01^T01 BY03^BY03-45R,T01,T01 BY03,BY03-45R
1475,T01^T01 SR57^SR57-57B,T01,T01 SR57,SR57-57B
1562,T01^T01 BY03^BY03-38R,T01,T01 BY03,BY03-38R
585,T01^T01 BY03^BY03-42R,T01,T01 BY03,BY03-42R
1032,T01^T01 BY02^BY02-25G,T01,T01 BY02,BY02-25G
269,T01^T01 BY02^BY02-29G,T01,T01 BY02,BY02-29G
560,T01^T01 SR01^SR01-01Y,T01,T01 SR01,SR01-01Y
1632,T01^T01 BY02^BY02-30G,T01,T01 BY02,BY02-30G
1469,T01^T01 BY03^BY03-34R,T01,T01 BY03,BY03-34R
1644,T01^T01 BY04^BY04-52B,T01,T01 BY04,BY04-52B
1652,T01^T01 BY03^BY03-32R,T01,T01 BY03,BY03-32R
1002,T01^T01 BY02^BY02-21G,T01,T01 BY02,BY02-21G
1690,T01^T01 BY01^BY01-10Y,T01,T01 BY01,BY01-10Y
1696,T01^T01 BY03^BY03-33R,T01,T01 BY03,BY03-33R
421,T01^T01 BY04^BY04-50B,T01,T01 BY04,BY04-50B
976,T01^T01 BY03^BY03-44R,T01,T01 BY03,BY03-44R
512,T01^T01 BY03^BY03-40R,T01,T01 BY03,BY03-40R
423,T01^T01 BY02^BY02-22G,T01,T01 BY02,BY02-22G
1746,T01^T01 BY02^BY02-23G,T01,T01 BY02,BY02-23G
426,T01^T01 BY04^BY04-47B,T01,T01 BY04,BY04-47B
1773,T01^T01 BY02^BY02-28G,T01,T01 BY02,BY02-28G
947,T01^T01 BY04^BY04-46B,T01,T01 BY04,BY04-46B
3,T01^T01 BY04^BY04-53B,T01,T01 BY04,BY04-53B
438,T01^T01 BY01^BY01-12Y,T01,T01 BY01,BY01-12Y
1835,T01^T01 BY04^BY04-49B,T01,T01 BY04,BY04-49B
594,T01^T01 BY03^BY03-39R,T01,T01 BY03,BY03-39R
1543,T01^T01 BY01^BY01-08Y,T01,T01 BY01,BY01-08Y
1636,T01^T01 SR04^SR04-04Y,T01,T01 SR04,SR04-04Y
1078,T01^T01 BY01^BY01-09Y,T01,T01 BY01,BY01-09Y
115,T01^T01 BY02^BY02-27G,T01,T01 BY02,BY02-27G
617,T01^T01 BY01^BY01-06Y,T01,T01 BY01,BY01-06Y
1516,T01^T01 BY02^BY02-20G,T01,T01 BY02,BY02-20G
1514,T01^T01 SR56^SR56-56B,T01,T01 SR56,SR56-56B
952,T02ANGI^UCH T02 ANGI POOL^WAIT,T02ANGI,UCH T02 ANGI POOL,WAIT
1677,T02ANGI^null^null,T02ANGI,null,null
1534,T02THR^UCHT02THR POOL01^THR,T02THR,UCHT02THR POOL01,THR
1157,T03^T03 BY02^BY02-21,T03,T03 BY02,BY02-21
495,T03^T03 BY04^BY04-30,T03,T03 BY04,BY04-30
553,T03^T03 BY03^BY03-23,T03,T03 BY03,BY03-23
551,T03^T03 BY03^BY03-26,T03,T03 BY03,BY03-26
1638,T03^T03 BY04^BY04-29,T03,T03 BY04,BY04-29
1481,T03^T03 BY03^BY03-22,T03,T03 BY03,BY03-22
1649,T03^T03 SR01^SR01-01,T03,T03 SR01,SR01-01
823,T03^T03 BY04^BY04-28,T03,T03 BY04,BY04-28
237,T03^T03 BY02^BY02-20,T03,T03 BY02,BY02-20
1208,T03^T03 BY01^BY01-11,T03,T03 BY01,BY01-11
332,T03^T03 BY02^BY02-18,T03,T03 BY02,BY02-18
688,T03^T03 BY05^BY05-36,T03,T03 BY05,BY05-36
1429,T03^T03 SR32^SR32-32,T03,T03 SR32,SR32-32
334,T03^T03 SR07^SR07-07,T03,T03 SR07,SR07-07
180,T03^T03 BY01^BY01-15,T03,T03 BY01,BY01-15
716,T03^T03 BY03^BY03-24,T03,T03 BY03,BY03-24
712,T03^T03 BY05^BY05-34,T03,T03 BY05,BY05-34
618,T03^T03 BY04^BY04-31,T03,T03 BY04,BY04-31
711,T03^T03 SR06^SR06-06,T03,T03 SR06,SR06-06
278,T03^T03 SR04^SR04-04,T03,T03 SR04,SR04-04
487,T03^T03 BY01^BY01-14,T03,T03 BY01,BY01-14
1717,T03^T03 SR05^SR05-05,T03,T03 SR05,SR05-05
1252,T03^T03 BY01^BY01-16,T03,T03 BY01,BY01-16
588,T03^T03 SR08^SR08-08,T03,T03 SR08,SR08-08
1439,T03^T03 SR03^SR03-03,T03,T03 SR03,SR03-03
1396,T03^T03 BY05^BY05-35,T03,T03 BY05,BY05-35
342,T03^T03 BY01^BY01-12,T03,T03 BY01,BY01-12
858,T03^T03 SR10^SR10-10,T03,T03 SR10,SR10-10
589,T03^T03 BY03^BY03-25,T03,T03 BY03,BY03-25
1135,T03^T03 BY02^BY02-17,T03,T03 BY02,BY02-17
1547,T03^T03 SR02^SR02-02,T03,T03 SR02,SR02-02
1588,T03^T03 SR09^SR09-09,T03,T03 SR09,SR09-09
812,T03^T03 BY04^BY04-27,T03,T03 BY04,BY04-27
96,T03^T03 BY02^BY02-19,T03,T03 BY02,BY02-19
431,T03^T03 BY05^BY05-33,T03,T03 BY05,BY05-33
1431,T03^T03 WAITING^WAIT,T03,T03 WAITING,WAIT
1247,T06C^T06C BY07^BY07-36,T06C,T06C BY07,BY07-36
1478,T06C^T06C SR41^SR41-41,T06C,T06C SR41,SR41-41
534,T06C^T06C BY07^BY07-32,T06C,T06C BY07,BY07-32
1426,T06C^T06C BY07^BY07-35,T06C,T06C BY07,BY07-35
1653,T06C^T06C BY08^BY08-37,T06C,T06C BY08,BY08-37
1709,T06C^T06C BY09^BY09-43,T06C,T06C BY09,BY09-43
164,T06C^T06C BY06^BY06-30,T06C,T06C BY06,BY06-30
662,T06C^T06C BY05^BY05-25,T06C,T06C BY05,BY05-25
672,T06C^T06C BY09^BY09-42,T06C,T06C BY09,BY09-42
1403,T06C^T06C BY05^BY05-26,T06C,T06C BY05,BY05-26
1222,T06C^T06C BY07^BY07-33,T06C,T06C BY07,BY07-33
1031,T06C^T06C BY06^BY06-28,T06C,T06C BY06,BY06-28
1086,T06C^T06C BY09^BY09-45,T06C,T06C BY09,BY09-45
130,T06C^T06C BY08^BY08-40,T06C,T06C BY08,BY08-40
155,T06C^T06C BY06^BY06-31,T06C,T06C BY06,BY06-31
621,T06C^T06C BY09^BY09-44,T06C,T06C BY09,BY09-44
1384,T06C^T06C BY06^BY06-29,T06C,T06C BY06,BY06-29
1367,T06C^T06C WAITING^WAIT,T06C,T06C WAITING,WAIT
773,T06C^T06C BY07^BY07-34,T06C,T06C BY07,BY07-34
1390,T06C^T06C BY08^BY08-38,T06C,T06C BY08,BY08-38
929,T06C^T06C BY05^BY05-24,T06C,T06C BY05,BY05-24
310,T06C^T06C BY06^BY06-27,T06C,T06C BY06,BY06-27
1579,T06C^T06C BY05^BY05-23,T06C,T06C BY05,BY05-23
1571,T06C^T06C BY08^BY08-39,T06C,T06C BY08,BY08-39
296,T06G^T06G BY51^BY51-51,T06G,T06G BY51,BY51-51
957,T06G^T06G BY60^BY60-60,T06G,T06G BY60,BY60-60
1201,T06G^T06G SR46^SR46-46,T06G,T06G SR46,SR46-46
1080,T06G^T06G SR48^SR48-48,T06G,T06G SR48,SR48-48
496,T06G^T06G BY59^BY59-59,T06G,T06G BY59,BY59-59
1818,T06G^T06G BY57^BY57-57,T06G,T06G BY57,BY57-57
456,T06G^T06G BY55^BY55-55,T06G,T06G BY55,BY55-55
1731,T06G^T06G WAITING^WAIT,T06G,T06G WAITING,WAIT
1122,T06G^T06G BY52^BY52-52,T06G,T06G BY52,BY52-52
111,T06G^T06G BY53^BY53-53,T06G,T06G BY53,BY53-53
1541,T06G^null^null,T06G,null,null
1720,T06G^T06G BY54^BY54-54,T06G,T06G BY54,BY54-54
567,T06G^T06G BY50^BY50-50,T06G,T06G BY50,BY50-50
1328,T06G^T06G BY56^BY56-56,T06G,T06G BY56,BY56-56
309,T06G^T06G SR47^SR47-47,T06G,T06G SR47,SR47-47
1394,T06G^T06G BY58^BY58-58,T06G,T06G BY58,BY58-58
1054,T06G^T06G SR49^SR49-49,T06G,T06G SR49,SR49-49
701,T06H^T06H BY03^BY03-14,T06H,T06H BY03,BY03-14
1257,T06H^T06H BY02^BY02-06,T06H,T06H BY02,BY02-06
203,T06H^T06H SR10^SR10-10,T06H,T06H SR10,SR10-10
460,T06H^T06H BY03^BY03-17,T06H,T06H BY03,BY03-17
1585,T06H^T06H BY04^BY04-19,T06H,T06H BY04,BY04-19
1192,T06H^T06H BY02^BY02-05,T06H,T06H BY02,BY02-05
1786,T06H^T06H BY04^BY04-22,T06H,T06H BY04,BY04-22
225,T06H^T06H BY01^BY01-03,T06H,T06H BY01,BY01-03
800,T06H^T06H BY01^BY01-01,T06H,T06H BY01,BY01-01
291,T06H^T06H BY03^BY03-18,T06H,T06H BY03,BY03-18
1381,T06H^T06H WAITING^WAIT,T06H,T06H WAITING,WAIT
101,T06H^T06H BY01^BY01-02,T06H,T06H BY01,BY01-02
414,T06H^T06H SR09^SR09-09,T06H,T06H SR09,SR09-09
1463,T06H^T06H BY01^BY01-04,T06H,T06H BY01,BY01-04
388,T06H^T06H BY03^BY03-15,T06H,T06H BY03,BY03-15
1074,T06H^T06H BY04^BY04-21,T06H,T06H BY04,BY04-21
1010,T06H^T06H BY02^BY02-08,T06H,T06H BY02,BY02-08
27,T06H^T06H SR11^SR11-11,T06H,T06H SR11,SR11-11
1349,T06H^T06H BY04^BY04-20,T06H,T06H BY04,BY04-20
541,T06H^T06H BY03^BY03-16,T06H,T06H BY03,BY03-16
852,T06H^T06H SR12^SR12-12,T06H,T06H SR12,SR12-12
562,T06H^T06H BY02^BY02-07,T06H,T06H BY02,BY02-07
447,T07^T07N SR11^SR11-11,T07,T07N SR11,SR11-11
1414,T07^T07N SR10^SR10-10,T07,T07N SR10,SR10-10
1461,T07^T07N BY01^BY01-01,T07,T07N BY01,BY01-01
1591,T07^T07N BY03^BY03-16,T07,T07N BY03,BY03-16
8,T07^T07N BY03^BY03-18,T07,T07N BY03,BY03-18
574,T07^T07N BY03^BY03-14,T07,T07N BY03,BY03-14
1616,T07^T07N BY04^BY04-22,T07,T07N BY04,BY04-22
360,T07^T07N SR12^SR12-12,T07,T07N SR12,SR12-12
51,T07^T07N BY02^BY02-06,T07,T07N BY02,BY02-06
535,T07^T07N BY03^BY03-15,T07,T07N BY03,BY03-15
671,T07^T07N BY04^BY04-20,T07,T07N BY04,BY04-20
1241,T07^T07N BY03^BY03-17,T07,T07N BY03,BY03-17
912,T07^T07N BY04^BY04-21,T07,T07N BY04,BY04-21
445,T07^T07N BY02^BY02-07,T07,T07N BY02,BY02-07
1197,T07^T07N BY02^BY02-05,T07,T07N BY02,BY02-05
247,T07^T07N BY02^BY02-08,T07,T07N BY02,BY02-08
230,T07^T07N BY01^BY01-02,T07,T07N BY01,BY01-02
1128,T07^T07N WAITING^WAIT,T07,T07N WAITING,WAIT
809,T07^T07N BY01^BY01-04,T07,T07N BY01,BY01-04
951,T07^T07N BY04^BY04-19,T07,T07N BY04,BY04-19
949,T07^T07N BY01^BY01-03,T07,T07N BY01,BY01-03
1008,T07^T07N SR09^SR09-09,T07,T07N SR09,SR09-09
468,T07S^T07S BY12^BY12-51,T07S,T07S BY12,BY12-51
1453,T07S^T07S BY10^BY10-41,T07S,T07S BY10,BY10-41
1747,T07S^T07S BY12^BY12-52,T07S,T07S BY12,BY12-52
591,T07S^T07S BY12^BY12-53,T07S,T07S BY12,BY12-53
1108,T07S^null^null,T07S,null,null
568,T07S^T07S BY11^BY11-50,T07S,T07S BY11,BY11-50
6,T07S^T07S BY13^BY13-57,T07S,T07S BY13,BY13-57
1723,T07S^T07S SR46^SR46-46,T07S,T07S SR46,SR46-46
1321,T07S^T07S BY12^BY12-54,T07S,T07S BY12,BY12-54
1023,T07S^T07S BY11^BY11-49,T07S,T07S BY11,BY11-49
925,T07S^T07S WAITING^WAIT,T07S,T07S WAITING,WAIT
1484,T07S^T07S BY13^BY13-56,T07S,T07S BY13,BY13-56
613,T07S^T07S BY10^BY10-44,T07S,T07S BY10,BY10-44
165,T07S^T07S SR45^SR45-45,T07S,T07S SR45,SR45-45
1232,T07S^T07S BY10^BY10-42,T07S,T07S BY10,BY10-42
44,T07S^T07S BY13^BY13-55,T07S,T07S BY13,BY13-55
364,T07S^T07S BY11^BY11-48,T07S,T07S BY11,BY11-48
984,T07S^T07S BY11^BY11-47,T07S,T07S BY11,BY11-47
459,T07S^T07S BY10^BY10-43,T07S,T07S BY10,BY10-43
1104,T08N^T08N SR21^SR21-21,T08N,T08N SR21,SR21-21
690,T08N^T08N BY03^BY03-09,T08N,T08N BY03,BY03-09
416,T08N^T08N BY03^BY03-10,T08N,T08N BY03,BY03-10
404,T08N^T08N BY04^BY04-17,T08N,T08N BY04,BY04-17
1182,T08N^T08N BY04^BY04-15,T08N,T08N BY04,BY04-15
1045,T08N^T08N SR22^SR22-22,T08N,T08N SR22,SR22-22
86,T08N^T08N BY03^BY03-11,T08N,T08N BY03,BY03-11
669,T08N^T08N SR20^SR20-20,T08N,T08N SR20,SR20-20
1047,T08N^T08N BY04^BY04-14,T08N,T08N BY04,BY04-14
863,T08N^T08N BY04^BY04-16,T08N,T08N BY04,BY04-16
239,T08N^T08N BY01^BY01-03,T08N,T08N BY01,BY01-03
389,T08N^T08N BY02^BY02-08,T08N,T08N BY02,BY02-08
1056,T08N^T08N BY01^BY01-04,T08N,T08N BY01,BY01-04
1580,T08N^T08N BY03^BY03-12,T08N,T08N BY03,BY03-12
1116,T08N^T08N SR19^SR19-19,T08N,T08N SR19,SR19-19
644,T08N^T08N BY02^BY02-05,T08N,T08N BY02,BY02-05
698,T08N^T08N BY02^BY02-07,T08N,T08N BY02,BY02-07
1474,T08N^T08N BY02^BY02-06,T08N,T08N BY02,BY02-06
938,T08N^T08N WAITING^WAIT,T08N,T08N WAITING,WAIT
1748,T08N^T08N BY01^BY01-01,T08N,T08N BY01,BY01-01
1151,T08N^T08N BY01^BY01-02,T08N,T08N BY01,BY01-02
1246,T08N^T08N SR18^SR18-18,T08N,T08N SR18,SR18-18
767,T08S^T08S BY01^BY01-23,T08S,T08S BY01,BY01-23
791,T08S^T08S SR38^SR38-38,T08S,T08S SR38,SR38-38
866,T08S^T08S SR42^SR42-42,T08S,T08S SR42,SR42-42
971,T08S^T08S SR31^SR31-31,T08S,T08S SR31,SR31-31
1378,T08S^T08S SR43^SR43-43,T08S,T08S SR43,SR43-43
1623,T08S^T08S BY01^BY01-25,T08S,T08S BY01,BY01-25
1635,T08S^T08S SR30^SR30-30,T08S,T08S SR30,SR30-30
572,T08S^T08S SR37^SR37-37,T08S,T08S SR37,SR37-37
1590,T08S^T08S SR33^SR33-33,T08S,T08S SR33,SR33-33
774,T08S^T08S SR39^SR39-39,T08S,T08S SR39,SR39-39
229,T08S^T08S SR32^SR32-32,T08S,T08S SR32,SR32-32
827,T08S^T08S SR34^SR34-34,T08S,T08S SR34,SR34-34
1509,T08S^T08S SR45^SR45-45,T08S,T08S SR45,SR45-45
100,T08S^T08S SR35^SR35-35,T08S,T08S SR35,SR35-35
344,T08S^T08S WAITING^WAIT,T08S,T08S WAITING,WAIT
92,T08S^T08S BY01^BY01-24,T08S,T08S BY01,BY01-24
87,T08S^T08S SR44^SR44-44,T08S,T08S SR44,SR44-44
901,T08S^T08S BY01^BY01-27,T08S,T08S BY01,BY01-27
580,T08S^T08S SR40^SR40-40,T08S,T08S SR40,SR40-40
1129,T08S^T08S SR36^SR36-36,T08S,T08S SR36,SR36-36
1486,T08S^T08S BY01^BY01-26,T08S,T08S BY01,BY01-26
805,T08S^T08S SR28^SR28-28,T08S,T08S SR28,SR28-28
1124,T08S^T08S SR41^SR41-41,T08S,T08S SR41,SR41-41
840,T08S^T08S SR29^SR29-29,T08S,T08S SR29,SR29-29
1485,T09N^T09N SR12^SR12-12,T09N,T09N SR12,SR12-12
527,T09N^T09N BY01^BY01-03,T09N,T09N BY01,BY01-03
117,T09N^T09N BY05^BY05-26,T09N,T09N BY05,BY05-26
1077,T09N^T09N BY01^BY01-04,T09N,T09N BY01,BY01-04
1084,T09N^T09N BY01^BY01-02,T09N,T09N BY01,BY01-02
120,T09N^T09N BY01^BY01-01,T09N,T09N BY01,BY01-01
886,T09N^T09N BY06^BY06-29,T09N,T09N BY06,BY06-29
1361,T09N^T09N WAITING^WAIT,T09N,T09N WAITING,WAIT
1694,T09N^null^null,T09N,null,null
675,T09N^T09N SR09^SR09-09,T09N,T09N SR09,SR09-09
874,T09N^T09N BY04^BY04-21,T09N,T09N BY04,BY04-21
378,T09N^T09N BY05^BY05-25,T09N,T09N BY05,BY05-25
801,T09N^T09N BY03^BY03-15,T09N,T09N BY03,BY03-15
1460,T09N^T09N BY04^BY04-19,T09N,T09N BY04,BY04-19
1155,T09N^T09N BY04^BY04-22,T09N,T09N BY04,BY04-22
1100,T09N^T09N BY02^BY02-05,T09N,T09N BY02,BY02-05
254,T09N^T09N BY05^BY05-24,T09N,T09N BY05,BY05-24
1024,T09N^T09N BY06^BY06-30,T09N,T09N BY06,BY06-30
1438,T09N^T09N BY06^BY06-27,T09N,T09N BY06,BY06-27
1600,T09N^T09N BY02^BY02-06,T09N,T09N BY02,BY02-06
1401,T09N^T09N BY03^BY03-18,T09N,T09N BY03,BY03-18
1407,T09N^T09N BY06^BY06-28,T09N,T09N BY06,BY06-28
785,T09N^T09N BY04^BY04-20,T09N,T09N BY04,BY04-20
657,T09N^T09N SR11^SR11-11,T09N,T09N SR11,SR11-11
1495,T09N^T09N BY05^BY05-23,T09N,T09N BY05,BY05-23
36,T09N^T09N BY02^BY02-07,T09N,T09N BY02,BY02-07
26,T09N^T09N BY02^BY02-08,T09N,T09N BY02,BY02-08
1187,T09N^T09N BY03^BY03-14,T09N,T09N BY03,BY03-14
1264,T09N^T09N SR10^SR10-10,T09N,T09N SR10,SR10-10
463,T09N^T09N BY03^BY03-17,T09N,T09N BY03,BY03-17
473,T09N^T09N BY06^BY06-31,T09N,T09N BY06,BY06-31
499,T09N^T09N BY03^BY03-16,T09N,T09N BY03,BY03-16
1815,T09S^T09S BY12^BY12-56,T09S,T09S BY12,BY12-56
384,T09S^T09S BY08^BY08-38,T09S,T09S BY08,BY08-38
964,T09S^T09S BY12^BY12-58,T09S,T09S BY12,BY12-58
64,T09S^T09S BY08^BY08-37,T09S,T09S BY08,BY08-37
670,T09S^T09S BY09^BY09-42,T09S,T09S BY09,BY09-42
668,T09S^T09S BY13^BY13-62,T09S,T09S BY13,BY13-62
1392,T09S^T09S BY07^BY07-35,T09S,T09S BY07,BY07-35
755,T09S^T09S SR51^SR51-51,T09S,T09S SR51,SR51-51
1198,T09S^T09S BY13^BY13-60,T09S,T09S BY13,BY13-60
1750,T09S^T09S BY11^BY11-52,T09S,T09S BY11,BY11-52
1203,T09S^T09S BY10^BY10-47,T09S,T09S BY10,BY10-47
82,T09S^T09S BY13^BY13-61,T09S,T09S BY13,BY13-61
933,T09S^T09S BY10^BY10-46,T09S,T09S BY10,BY10-46
958,T09S^T09S BY12^BY12-57,T09S,T09S BY12,BY12-57
1775,T09S^T09S BY07^BY07-36,T09S,T09S BY07,BY07-36
587,T09S^T09S BY07^BY07-32,T09S,T09S BY07,BY07-32
472,T09S^T09S BY08^BY08-40,T09S,T09S BY08,BY08-40
429,T09S^T09S BY08^BY08-39,T09S,T09S BY08,BY08-39
481,T09S^T09S WAITING^WAIT,T09S,T09S WAITING,WAIT
948,T09S^T09S BY09^BY09-45,T09S,T09S BY09,BY09-45
1449,T09S^T09S BY11^BY11-55,T09S,T09S BY11,BY11-55
873,T09S^T09S SR50^SR50-50,T09S,T09S SR50,SR50-50
289,T09S^T09S BY11^BY11-54,T09S,T09S BY11,BY11-54
1472,T09S^T09S BY13^BY13-63,T09S,T09S BY13,BY13-63
693,T09S^T09S BY10^BY10-49,T09S,T09S BY10,BY10-49
1339,T09S^null^null,T09S,null,null
1076,T09S^T09S BY11^BY11-53,T09S,T09S BY11,BY11-53
519,T09S^T09S BY12^BY12-59,T09S,T09S BY12,BY12-59
522,T09S^T09S BY10^BY10-48,T09S,T09S BY10,BY10-48
1508,T09S^T09S BY07^BY07-33,T09S,T09S BY07,BY07-33
1188,T09S^T09S BY09^BY09-44,T09S,T09S BY09,BY09-44
39,T09S^T09S BY07^BY07-34,T09S,T09S BY07,BY07-34
1823,T09S^T09S BY09^BY09-43,T09S,T09S BY09,BY09-43
1699,T09S^T09S SR41^SR41-41,T09S,T09S SR41,SR41-41
1609,T0B^P-2 RT HR12^HR12-12,T0B,P-2 RT HR12,HR12-12
1092,T0B^P-2 RT WAITING^WAIT,T0B,P-2 RT WAITING,WAIT
1436,T0B^P-2 RT HR01^HR01-01,T0B,P-2 RT HR01,HR01-01
97,T0B^P-2 RT HR08^HR08-08,T0B,P-2 RT HR08,HR08-08
89,T10M^T10M BY05^BY05-23,T10M,T10M BY05,BY05-23
1809,T10M^T10M SR12^SR12-12,T10M,T10M SR12,SR12-12
624,T10M^T10M BY06^BY06-27,T10M,T10M BY06,BY06-27
70,T10M^T10M BY05^BY05-26,T10M,T10M BY05,BY05-26
175,T10M^T10M BY05^BY05-24,T10M,T10M BY05,BY05-24
249,T10M^T10M BY04^BY04-19,T10M,T10M BY04,BY04-19
653,T10M^T10M BY04^BY04-22,T10M,T10M BY04,BY04-22
1697,T10M^T10M BY06^BY06-29,T10M,T10M BY06,BY06-29
1218,T10M^T10M WAITING^WAIT,T10M,T10M WAITING,WAIT
1380,T10M^T10M BY06^BY06-31,T10M,T10M BY06,BY06-31
673,T10M^T10M BY06^BY06-30,T10M,T10M BY06,BY06-30
402,T10M^T10M BY04^BY04-20,T10M,T10M BY04,BY04-20
1220,T10M^T10M BY05^BY05-25,T10M,T10M BY05,BY05-25
916,T10M^T10M BY04^BY04-21,T10M,T10M BY04,BY04-21
1669,T10M^T10M BY06^BY06-28,T10M,T10M BY06,BY06-28
1175,T10O^T10O BY02^BY02-08,T10O,T10O BY02,BY02-08
612,T10O^T10O BY03^BY03-17,T10O,T10O BY03,BY03-17
1771,T10O^T10O BY02^BY02-06,T10O,T10O BY02,BY02-06
1583,T10O^T10O BY03^BY03-16,T10O,T10O BY03,BY03-16
857,T10O^T10O BY01^BY01-03,T10O,T10O BY01,BY01-03
855,T10O^T10O BY02^BY02-07,T10O,T10O BY02,BY02-07
1790,T10O^T10O BY01^BY01-01,T10O,T10O BY01,BY01-01
1444,T10O^T10O BY01^BY01-04,T10O,T10O BY01,BY01-04
843,T10O^T10O SR11^SR11-11,T10O,T10O SR11,SR11-11
1574,T10O^T10O WAITING^WAIT,T10O,T10O WAITING,WAIT
1294,T10O^T10O BY01^BY01-02,T10O,T10O BY01,BY01-02
1271,T10O^T10O SR10^SR10-10,T10O,T10O SR10,SR10-10
209,T10O^T10O BY03^BY03-18,T10O,T10O BY03,BY03-18
300,T10O^T10O BY03^BY03-15,T10O,T10O BY03,BY03-15
543,T10O^null^null,T10O,null,null
1712,T10O^T10O SR09^SR09-09,T10O,T10O SR09,SR09-09
1236,T10O^T10O BY03^BY03-14,T10O,T10O BY03,BY03-14
889,T10O^T10O BY02^BY02-05,T10O,T10O BY02,BY02-05
764,T10S^T10S BY13^BY13-61,T10S,T10S BY13,BY13-61
1645,T10S^T10S BY11^BY11-54,T10S,T10S BY11,BY11-54
841,T10S^T10S BY09^BY09-42,T10S,T10S BY09,BY09-42
1642,T10S^T10S BY12^BY12-57,T10S,T10S BY12,BY12-57
1055,T10S^T10S BY07^BY07-36,T10S,T10S BY07,BY07-36
832,T10S^T10S BY07^BY07-33,T10S,T10S BY07,BY07-33
387,T10S^T10S BY12^BY12-58,T10S,T10S BY12,BY12-58
510,T10S^T10S BY11^BY11-52,T10S,T10S BY11,BY11-52
1088,T10S^T10S BY07^BY07-34,T10S,T10S BY07,BY07-34
891,T10S^T10S WAITING^WAIT,T10S,T10S WAITING,WAIT
1493,T10S^T10S BY10^BY10-46,T10S,T10S BY10,BY10-46
314,T10S^T10S BY10^BY10-48,T10S,T10S BY10,BY10-48
198,T10S^T10S BY13^BY13-63,T10S,T10S BY13,BY13-63
1710,T10S^T10S BY08^BY08-37,T10S,T10S BY08,BY08-37
973,T10S^T10S BY09^BY09-45,T10S,T10S BY09,BY09-45
650,T10S^T10S BY08^BY08-40,T10S,T10S BY08,BY08-40
405,T10S^T10S BY12^BY12-56,T10S,T10S BY12,BY12-56
1557,T10S^T10S BY11^BY11-55,T10S,T10S BY11,BY11-55
924,T10S^T10S SR41^SR41-41,T10S,T10S SR41,SR41-41
771,T10S^T10S BY10^BY10-47,T10S,T10S BY10,BY10-47
250,T10S^T10S BY10^BY10-49,T10S,T10S BY10,BY10-49
826,T10S^T10S SR50^SR50-50,T10S,T10S SR50,SR50-50
1347,T10S^T10S BY08^BY08-39,T10S,T10S BY08,BY08-39
1523,T10S^T10S SR51^SR51-51,T10S,T10S SR51,SR51-51
1598,T10S^T10S BY13^BY13-62,T10S,T10S BY13,BY13-62
77,T10S^T10S BY07^BY07-32,T10S,T10S BY07,BY07-32
665,T10S^T10S BY07^BY07-35,T10S,T10S BY07,BY07-35
1680,T10S^T10S BY09^BY09-44,T10S,T10S BY09,BY09-44
900,T10S^T10S BY12^BY12-59,T10S,T10S BY12,BY12-59
1757,T10S^T10S BY13^BY13-60,T10S,T10S BY13,BY13-60
295,T10S^T10S BY08^BY08-38,T10S,T10S BY08,BY08-38
715,T10S^T10S BY09^BY09-43,T10S,T10S BY09,BY09-43
411,T10S^T10S BY11^BY11-53,T10S,T10S BY11,BY11-53
549,T11D^T11NO WAITING^WAIT,T11D,T11NO WAITING,WAIT
234,T11D^11NO BY06^BY06-02,T11D,11NO BY06,BY06-02
1718,T11D^11NO BY06^BY06-01,T11D,11NO BY06,BY06-01
1721,T11D^11NO BY06^BY06-06,T11D,11NO BY06,BY06-06
366,T11D^11NO BY06^BY06-03,T11D,11NO BY06,BY06-03
1415,T11D^11NO BY06^BY06-04,T11D,11NO BY06,BY06-04
302,T11D^11NO BY06^BY06-05,T11D,11NO BY06,BY06-05
603,T11E^T11E BY02^BY02-28,T11E,T11E BY02,BY02-28
921,T11E^T11E BY02^BY02-26,T11E,T11E BY02,BY02-26
1662,T11E^T11E BY02^BY02-27,T11E,T11E BY02,BY02-27
35,T11E^T11E BY01^BY01-17,T11E,T11E BY01,BY01-17
336,T11E^T11E WAITING^WAIT,T11E,T11E WAITING,WAIT
903,T11E^T11E BY01^BY01-19,T11E,T11E BY01,BY01-19
1744,T11E^T11E BY02^BY02-29,T11E,T11E BY02,BY02-29
1513,T11E^T11E BY02^BY02-30,T11E,T11E BY02,BY02-30
1695,T11E^T11E BY01^BY01-20,T11E,T11E BY01,BY01-20
497,T11E^null^null,T11E,null,null
218,T11E^T11E BY01^BY01-18,T11E,T11E BY01,BY01-18
107,T11E^T11E BY02^BY02-25,T11E,T11E BY02,BY02-25
1693,T11N^T11N HR02^HR02-02,T11N,T11N HR02,HR02-02
42,T11N^T11N HR01^HR01-01,T11N,T11N HR01,HR01-01
204,T11N^null^null,T11N,null,null
777,T11N^T11N CB09^CB09-09,T11N,T11N CB09,CB09-09
1213,T11N^T11N BY02^BY02-14,T11N,T11N BY02,BY02-14
214,T11N^T11N BY01^BY01-04,T11N,T11N BY01,BY01-04
869,T11N^T11N BY01^BY01-05,T11N,T11N BY01,BY01-05
1158,T11N^T11N BY02^BY02-15,T11N,T11N BY02,BY02-15
1120,T11N^T11N BY02^BY02-11,T11N,T11N BY02,BY02-11
173,T11N^T11N CB08^CB08-08,T11N,T11N CB08,CB08-08
424,T11N^T11N CB07^CB07-07,T11N,T11N CB07,CB07-07
485,T11N^T11N CB10^CB10-10,T11N,T11N CB10,CB10-10
1142,T11N^T11N BY02^BY02-12,T11N,T11N BY02,BY02-12
578,T11N^T11N BY01^BY01-03,T11N,T11N BY01,BY01-03
17,T11N^T11N WAITING^WAIT,T11N,T11N WAITING,WAIT
609,T11N^T11N BY01^BY01-06,T11N,T11N BY01,BY01-06
1070,T11S^T11S BY05^BY05-33,T11S,T11S BY05,BY05-33
904,T11S^T11S CB36^CB36-36,T11S,T11S CB36,CB36-36
1656,T11S^T11S BY05^BY05-34,T11S,T11S BY05,BY05-34
1826,T11S^T11S CB37^CB37-37,T11S,T11S CB37,CB37-37
1666,T11S^T11S BY04^BY04-22,T11S,T11S BY04,BY04-22
1687,T11S^T11S BY04^BY04-24,T11S,T11S BY04,BY04-24
864,T11S^T11S CB39^CB39-39,T11S,T11S CB39,CB39-39
1805,T11S^T11S CB38^CB38-38,T11S,T11S CB38,CB38-38
1539,T11S^T11S BY04^BY04-21,T11S,T11S BY04,BY04-21
172,T11S^T11S BY04^BY04-23,T11S,T11S BY04,BY04-23
223,T11S^T11S CB27^CB31C-C,T11S,T11S CB27,CB31C-C
1308,T11S^T11S WAITING^WAIT,T11S,T11S WAITING,WAIT
1300,T11S^T11S CB26^CB31B-B,T11S,T11S CB26,CB31B-B
335,T11S^null^null,T11S,null,null
1434,T11S^T11S BY05^BY05-35,T11S,T11S BY05,BY05-35
1228,T11S^T11S BY05^BY05-32,T11S,T11S BY05,BY05-32
639,T11S^T11S CB25^CB31A-A,T11S,T11S CB25,CB31A-A
586,T12N^T12N SR01^SR01-01,T12N,T12N SR01,SR01-01
1719,T12N^T12N SR11^SR11-11,T12N,T12N SR11,SR11-11
1194,T12N^T12N SR06^SR06-06,T12N,T12N SR06,SR06-06
1525,T12N^T12N SR02^SR02-02,T12N,T12N SR02,SR02-02
1205,T12N^T12N BY01^BY01-09,T12N,T12N BY01,BY01-09
63,T12N^T12N BY01^BY01-10,T12N,T12N BY01,BY01-10
1555,T12N^T12N SR12^SR12-12,T12N,T12N SR12,SR12-12
950,T12N^T12N SR05^SR05-05,T12N,T12N SR05,SR05-05
399,T12N^T12N SR03^SR03-03,T12N,T12N SR03,SR03-03
1139,T12N^T12N SR04^SR04-04,T12N,T12N SR04,SR04-04
240,T12N^T12N WAITING^WAIT,T12N,T12N WAITING,WAIT
1593,T12N^T12N BY02^BY02-19,T12N,T12N BY02,BY02-19
937,T12N^T12N SR21^SR21-21,T12N,T12N SR21,SR21-21
1505,T12N^T12N BY01^BY01-07,T12N,T12N BY01,BY01-07
1230,T12N^T12N BY01^BY01-08,T12N,T12N BY01,BY01-08
1255,T12N^T12N BY02^BY02-17,T12N,T12N BY02,BY02-17
226,T12N^T12N SR20^SR20-20,T12N,T12N SR20,SR20-20
232,T12N^T12N BY02^BY02-16,T12N,T12N BY02,BY02-16
1819,T12N^T12N SR14^SR14-14,T12N,T12N SR14,SR14-14
340,T12N^T12N BY02^BY02-18,T12N,T12N BY02,BY02-18
1829,T12N^T12N BY02^BY02-15,T12N,T12N BY02,BY02-15
305,T12S^T12S CB29^CB29-29,T12S,T12S CB29,CB29-29
1079,T12S^T12S BY03^BY03-23,T12S,T12S BY03,BY03-23
280,T12S^T12S BY05^BY05-32,T12S,T12S BY05,BY05-32
1046,T12S^T12S BY06^BY06-35,T12S,T12S BY06,BY06-35
330,T12S^T12S BY04^BY04-28,T12S,T12S BY04,BY04-28
1043,T12S^T12S BY03^BY03-24,T12S,T12S BY03,BY03-24
69,T12S^T12S BY06^BY06-34,T12S,T12S BY06,BY06-34
1423,T12S^T12S CB40^CB40-40,T12S,T12S CB40,CB40-40
1117,T12S^T12S BY06^BY06-36,T12S,T12S BY06,BY06-36
255,T12S^T12S CB39^CB39-39,T12S,T12S CB39,CB39-39
980,T12S^T12S BY03^BY03-22,T12S,T12S BY03,BY03-22
189,T12S^T12S WAITING^WAIT,T12S,T12S WAITING,WAIT
919,T12S^T12S BY05^BY05-31,T12S,T12S BY05,BY05-31
1184,T12S^T12S BY05^BY05-30,T12S,T12S BY05,BY05-30
2,T12S^T12S BY04^BY04-27,T12S,T12S BY04,BY04-27
1183,T12S^T12S BY06^BY06-37,T12S,T12S BY06,BY06-37
861,T12S^T12S CB38^CB38-38,T12S,T12S CB38,CB38-38
1796,T12S^T12S BY04^BY04-25,T12S,T12S BY04,BY04-25
23,T12S^null^null,T12S,null,null
1471,T12S^T12S BY05^BY05-33,T12S,T12S BY05,BY05-33
1740,T12S^T12S BY04^BY04-26,T12S,T12S BY04,BY04-26
1759,T13N^T13N SR11^SR11-11,T13N,T13N SR11,SR11-11
1174,T13N^T13N SR09^SR09-09,T13N,T13N SR09,SR09-09
1224,T13N^T13N SR04^SR04-04,T13N,T13N SR04,SR04-04
1041,T13N^T13N SR03^SR03-03,T13N,T13N SR03,SR03-03
345,T13N^T13N BY02^BY02-24,T13N,T13N BY02,BY02-24
1281,T13N^T13N BY02^BY02-25,T13N,T13N BY02,BY02-25
1393,T13N^T13N SR14^SR14-14,T13N,T13N SR14,SR14-14
290,T13N^T13N SR06^SR06-06,T13N,T13N SR06,SR06-06
1617,T13N^T13N SR15^SR15-15,T13N,T13N SR15,SR15-15
794,T13N^T13N SR01^SR01-01,T13N,T13N SR01,SR01-01
674,T13N^T13N SR21^SR21-21,T13N,T13N SR21,SR21-21
509,T13N^T13N SR16^SR16-16,T13N,T13N SR16,SR16-16
1643,T13N^T13N SR05^SR05-05,T13N,T13N SR05,SR05-05
1729,T13N^T13N BY01^BY01-19,T13N,T13N BY01,BY01-19
1007,T13N^T13N SR12^SR12-12,T13N,T13N SR12,SR12-12
1660,T13N^T13N SR07^SR07-07,T13N,T13N SR07,SR07-07
37,T13N^T13N SR10^SR10-10,T13N,T13N SR10,SR10-10
1684,T13N^T13N WAITING^WAIT,T13N,T13N WAITING,WAIT
1758,T13N^T13N BY01^BY01-18,T13N,T13N BY01,BY01-18
1496,T13N^T13N SR08^SR08-08,T13N,T13N SR08,SR08-08
365,T13N^T13N BY02^BY02-23,T13N,T13N BY02,BY02-23
750,T13N^T13N BY01^BY01-17,T13N,T13N BY01,BY01-17
105,T13N^T13N BY02^BY02-22,T13N,T13N BY02,BY02-22
397,T13N^T13N SR02^SR02-02,T13N,T13N SR02,SR02-02
619,T13N^T13N BY01^BY01-20,T13N,T13N BY01,BY01-20
1318,T13S^T13S BY05^BY05-34,T13S,T13S BY05,BY05-34
1299,T13S^T13S BY06^BY06-40,T13S,T13S BY06,BY06-40
1450,T13S^T13S BY03^BY03-27,T13S,T13S BY03,BY03-27
227,T13S^T13S BY03^BY03-26,T13S,T13S BY03,BY03-26
43,T13S^T13S BY05^BY05-35,T13S,T13S BY05,BY05-35
721,T13S^T13S BY06^BY06-41,T13S,T13S BY06,BY06-41
1177,T13S^T13S BY04^BY04-30,T13S,T13S BY04,BY04-30
779,T13S^T13S BY05^BY05-37,T13S,T13S BY05,BY05-37
1263,T13S^T13S BY07^BY07-44,T13S,T13S BY07,BY07-44
1098,T13S^T13S BY07^BY07-45,T13S,T13S BY07,BY07-45
436,T13S^T13S BY06^BY06-38,T13S,T13S BY06,BY06-38
201,T13S^T13S BY04^BY04-32,T13S,T13S BY04,BY04-32
652,T13S^T13S BY03^BY03-28,T13S,T13S BY03,BY03-28
1820,T13S^T13S BY03^BY03-29,T13S,T13S BY03,BY03-29
83,T13S^T13S BY07^BY07-42,T13S,T13S BY07,BY07-42
1650,T13S^T13S BY06^BY06-39,T13S,T13S BY06,BY06-39
1490,T13S^T13S BY04^BY04-33,T13S,T13S BY04,BY04-33
616,T13S^T13S WAITING^WAIT,T13S,T13S WAITING,WAIT
84,T13S^T13S BY05^BY05-36,T13S,T13S BY05,BY05-36
1432,T13S^T13S BY04^BY04-31,T13S,T13S BY04,BY04-31
1191,T13S^T13S BY07^BY07-43,T13S,T13S BY07,BY07-43
415,T14N^T14N BY03^BY03-18,T14N,T14N BY03,BY03-18
694,T14N^T14N SR07^SR07-07,T14N,T14N SR07,SR07-07
1014,T14N^T14N BY03^BY03-19,T14N,T14N BY03,BY03-19
171,T14N^T14N WAITING^WAIT,T14N,T14N WAITING,WAIT
1369,T14N^T14N BY04^BY04-24,T14N,T14N BY04,BY04-24
282,T14N^T14N SR02^SR02-02,T14N,T14N SR02,SR02-02
54,T14N^T14N SR10^SR10-10,T14N,T14N SR10,SR10-10
1767,T14N^T14N BY02^BY02-12,T14N,T14N BY02,BY02-12
766,T14N^T14N BY01^BY01-05,T14N,T14N BY01,BY01-05
1755,T14N^T14N BY02^BY02-14,T14N,T14N BY02,BY02-14
108,T14N^T14N SR22^SR22-22,T14N,T14N SR22,SR22-22
271,T14N^T14N BY03^BY03-20,T14N,T14N BY03,BY03-20
1284,T14N^T14N BY04^BY04-27,T14N,T14N BY04,BY04-27
14,T14N^T14N SR08^SR08-08,T14N,T14N SR08,SR08-08
756,T14N^T14N BY01^BY01-03,T14N,T14N BY01,BY01-03
1511,T14N^T14N BY04^BY04-23,T14N,T14N BY04,BY04-23
1801,T14N^T14N BY01^BY01-04,T14N,T14N BY01,BY01-04
935,T14N^T14N BY01^BY01-06,T14N,T14N BY01,BY01-06
1812,T14N^T14N BY02^BY02-16,T14N,T14N BY02,BY02-16
343,T14N^T14N BY03^BY03-17,T14N,T14N BY03,BY03-17
746,T14N^T14N BY02^BY02-15,T14N,T14N BY02,BY02-15
839,T14N^T14N BY04^BY04-25,T14N,T14N BY04,BY04-25
373,T14N^T14N BY02^BY02-11,T14N,T14N BY02,BY02-11
1025,T14N^T14N SR01^SR01-01,T14N,T14N SR01,SR01-01
1567,T14N^T14N SR21^SR21-21,T14N,T14N SR21,SR21-21
1397,T14N^T14N BY04^BY04-26,T14N,T14N BY04,BY04-26
581,T14N^T14N SR09^SR09-09,T14N,T14N SR09,SR09-09
942,T14S^T14S SR38^SR38-38,T14S,T14S SR38,SR38-38
1037,T14S^T14S SR37^SR37-37,T14S,T14S SR37,SR37-37
597,T14S^T14S SR33^SR33-33,T14S,T14S SR33,SR33-33
275,T14S^T14S SR40^SR40-40,T14S,T14S SR40,SR40-40
358,T14S^T14S SR42^SR42-42,T14S,T14S SR42,SR42-42
1097,T14S^T14S SR30^SR30-30,T14S,T14S SR30,SR30-30
1288,T14S^T14S SR41^SR41-41,T14S,T14S SR41,SR41-41
75,T14S^T14S SR34^SR34-34,T14S,T14S SR34,SR34-34
1739,T14S^T14S SR36^SR36-36,T14S,T14S SR36,SR36-36
176,T14S^T14S SR39^SR39-39,T14S,T14S SR39,SR39-39
1482,T14S^T14S SR29^SR29-29,T14S,T14S SR29,SR29-29
853,T14S^T14S WAITING^WAIT,T14S,T14S WAITING,WAIT
979,T14S^T14S SR32^SR32-32,T14S,T14S SR32,SR32-32
313,T14S^T14S SR28^SR28-28,T14S,T14S SR28,SR28-28
1374,T14S^T14S SR31^SR31-31,T14S,T14S SR31,SR31-31
930,T14S^T14S SR35^SR35-35,T14S,T14S SR35,SR35-35
1240,T16N^T16N SR09^SR09-09,T16N,T16N SR09,SR09-09
482,T16N^T16N SR05^SR05-05,T16N,T16N SR05,SR05-05
833,T16N^T16N SR03^SR03-03,T16N,T16N SR03,SR03-03
1672,T16N^T16N SR15^SR15-15,T16N,T16N SR15,SR15-15
1676,T16N^T16N SR08^SR08-08,T16N,T16N SR08,SR08-08
1421,T16N^T16N SR17^SR17-17,T16N,T16N SR17,SR17-17
757,T16N^T16N SR02^SR02-02,T16N,T16N SR02,SR02-02
706,T16N^T16N SR11^SR11-11,T16N,T16N SR11,SR11-11
479,T16N^T16N SR10^SR10-10,T16N,T16N SR10,SR10-10
914,T16N^T16N SR07^SR07-07,T16N,T16N SR07,SR07-07
40,T16N^T16N SR14^SR14-14,T16N,T16N SR14,SR14-14
1202,T16N^T16N SR04^SR04-04,T16N,T16N SR04,SR04-04
1685,T16N^T16N SR06^SR06-06,T16N,T16N SR06,SR06-06
268,T16N^T16N SR18^SR18-18,T16N,T16N SR18,SR18-18
1332,T16N^T16N WAITING^WAIT,T16N,T16N WAITING,WAIT
1368,T16N^T16N SR16^SR16-16,T16N,T16N SR16,SR16-16
744,T16N^T16N SR12^SR12-12,T16N,T16N SR12,SR12-12
490,T16S^T16S SR30^SR30-30,T16S,T16S SR30,SR30-30
1307,T16S^T16S WAITING^WAIT,T16S,T16S WAITING,WAIT
686,T16S^T16S SR31^SR31-31,T16S,T16S SR31,SR31-31
529,T16S^T16S SR28^SR28-28,T16S,T16S SR28,SR28-28
604,T16S^T16S SR39^SR39-39,T16S,T16S SR39,SR39-39
972,T16S^T16S SR35^SR35-35,T16S,T16S SR35,SR35-35
1145,T16S^T16S SR38^SR38-38,T16S,T16S SR38,SR38-38
898,T16S^T16S SR33^SR33-33,T16S,T16S SR33,SR33-33
1314,T16S^T16S SR32^SR32-32,T16S,T16S SR32,SR32-32
1280,T16S^T16S SR36^SR36-36,T16S,T16S SR36,SR36-36
747,T16S^T16S SR37^SR37-37,T16S,T16S SR37,SR37-37
1658,T16S^T16S SR41^SR41-41,T16S,T16S SR41,SR41-41
114,T16S^T16S SR29^SR29-29,T16S,T16S SR29,SR29-29
1831,T16S^T16S SR27^SR27-27,T16S,T16S SR27,SR27-27
868,T16S^T16S SR26^SR26-26,T16S,T16S SR26,SR26-26
58,T16S^T16S SR40^SR40-40,T16S,T16S SR40,SR40-40
412,T16S^T16S SR34^SR34-34,T16S,T16S SR34,SR34-34
1033,T1DC^T-1 CB08^CB08-08,T1DC,T-1 CB08,CB08-08
1293,T1DC^T-1 SR01^SR01-01,T1DC,T-1 SR01,SR01-01
286,T1DC^T-1 CB05^CB05-05,T1DC,T-1 CB05,CB05-05
1821,T1DC^null^null,T1DC,null,null
811,T1DC^T-1 CB07^CB07-07,T1DC,T-1 CB07,CB07-07
1762,T1DC^T-1 CB01^CB01-01,T1DC,T-1 CB01,CB01-01
1553,T1DC^T-1 CB04^CB04-04,T1DC,T-1 CB04,CB04-04
1769,T1DC^T-1 WAITING^WAIT,T1DC,T-1 WAITING,WAIT
1003,T1DC^T-1 CB03^CB03-03,T1DC,T-1 CB03,CB03-03
258,T1DC^T-1 CB02^CB02-02,T1DC,T-1 CB02,CB02-02
834,T1DC^T-1 SR01^SR01-02CH,T1DC,T-1 SR01,SR01-02CH
55,T1DC^T-1 CB06^CB06-06,T1DC,T-1 CB06,CB06-06
1249,TDDC^MMKT HTD SR03^SR03-03,TDDC,MMKT HTD SR03,SR03-03
1752,TDDC^MMKT HTD SR02^SR02-02,TDDC,MMKT HTD SR02,SR02-02
1546,TDDC^MMKT HTD SR01^SR01-01,TDDC,MMKT HTD SR01,SR01-01
697,TDDC^MMKT HTD WAITING^WAIT,TDDC,MMKT HTD WAITING,WAIT
908,TDDC^MMKT HTD SR05^SR05-05,TDDC,MMKT HTD SR05,SR05-05
1017,TDDC^MMKT HTD SR04^SR04-04,TDDC,MMKT HTD SR04,SR04-04
303,TDDC^MMKT HTD SR06^SR06-06,TDDC,MMKT HTD SR06,SR06-06
892,THP3^UCHP03THR POOL01^THR,THP3,UCHP03THR POOL01,THR
1214,THP3^null^null,THP3,null,null
542,TPL^UCHPATLNGE POOL01^CHAIR,TPL,UCHPATLNGE POOL01,CHAIR
311,UCHT00CDU^UCH T00 CDU BY01^BY01-CH10,UCHT00CDU,UCH T00 CDU BY01,BY01-CH10
1665,UCHT00CDU^UCH T00 CDU BY01^BY01-CH08,UCHT00CDU,UCH T00 CDU BY01,BY01-CH08
978,UCHT00CDU^UCH T00 CDU BY01^BY01-CH11,UCHT00CDU,UCH T00 CDU BY01,BY01-CH11
524,UCHT00CDU^UCH T00 CDU BY01^BY01-CH02,UCHT00CDU,UCH T00 CDU BY01,BY01-CH02
79,UCHT00CDU^UCH T00 CDU BY01^BY01-CH13,UCHT00CDU,UCH T00 CDU BY01,BY01-CH13
782,UCHT00CDU^UCH T00 CDU BY01^BY01-CH12,UCHT00CDU,UCH T00 CDU BY01,BY01-CH12
1416,UCHT00CDU^UCH T00 CDU BY01^BY01-CH01,UCHT00CDU,UCH T00 CDU BY01,BY01-CH01
306,UCHT00CDU^UCH T00 CDU BY01^BY01-CH05,UCHT00CDU,UCH T00 CDU BY01,BY01-CH05
676,UCHT00CDU^UCH T00 CDU BY01^BY01-CH14,UCHT00CDU,UCH T00 CDU BY01,BY01-CH14
536,UCHT00CDU^UCH T00 CDU BY01^BY01-CH03,UCHT00CDU,UCH T00 CDU BY01,BY01-CH03
143,UCHT00CDU^UCH T00 CDU BY01^BY01-CH04,UCHT00CDU,UCH T00 CDU BY01,BY01-CH04
897,UCHT00CDU^UCH T00 CDU BY01^BY01-CH09,UCHT00CDU,UCH T00 CDU BY01,BY01-CH09
168,UCHT00CDU^UCH T00 CDU BY01^BY01-CH06,UCHT00CDU,UCH T00 CDU BY01,BY01-CH06
902,UCHT00CDU^UCH T00 CDU BY01^BY01-CH07,UCHT00CDU,UCH T00 CDU BY01,BY01-CH07
457,UCLHHOME^UCLHHOME POOL01^HOME,UCLHHOME,UCLHHOME POOL01,HOME
325,UCLHHOME^UCLHHOME POOL02^OLLALO,UCLHHOME,UCLHHOME POOL02,OLLALO
371,VPGH^OUTSC PGH POOL01^VIRTUAL,VPGH,OUTSC PGH POOL01,VIRTUAL
753,VYNQ^C2VH SR03^SR03-03,VYNQ,C2VH SR03,SR03-03
708,VYNQ^C2VH BY02^BY02-04,VYNQ,C2VH BY02,BY02-04
867,VYNQ^C2VH SR04^SR04-4A,VYNQ,C2VH SR04,SR04-4A
21,VYNQ^C2VH BY03^BY03-01,VYNQ,C2VH BY03,BY03-01
1728,VYNQ^C2VH BY02^BY02-06,VYNQ,C2VH BY02,BY02-06
427,VYNQ^C2VH BY04^BY04-01,VYNQ,C2VH BY04,BY04-01
505,VYNQ^C2VH WAITING^WAIT,VYNQ,C2VH WAITING,WAIT
470,VYNQ^C2VH BY02^BY02-01,VYNQ,C2VH BY02,BY02-01
1565,VYNQ^C2VH BY04^BY04-02,VYNQ,C2VH BY04,BY04-02
956,VYNQ^C2VH BY03^BY03-04,VYNQ,C2VH BY03,BY03-04
1099,VYNQ^C2VH BY04^BY04-04,VYNQ,C2VH BY04,BY04-04
439,VYNQ^C2VH BY01^BY01-06,VYNQ,C2VH BY01,BY01-06
760,VYNQ^C2VH SR01^SR01-01,VYNQ,C2VH SR01,SR01-01
911,VYNQ^C2VH BY03^BY03-05,VYNQ,C2VH BY03,BY03-05
76,VYNQ^C2VH BY03^BY03-06,VYNQ,C2VH BY03,BY03-06
1330,VYNQ^C2VH BY02^BY02-03,VYNQ,C2VH BY02,BY02-03
1538,VYNQ^null^null,VYNQ,null,null
1150,VYNQ^C2VH BY02^BY02-02,VYNQ,C2VH BY02,BY02-02
281,VYNQ^C2VH BY04^BY04-05,VYNQ,C2VH BY04,BY04-05
287,VYNQ^C2VH BY03^BY03-03,VYNQ,C2VH BY03,BY03-03
1123,VYNQ^C2VH BY01^BY01-01,VYNQ,C2VH BY01,BY01-01
1615,VYNQ^C2VH SR04^SR04-4B,VYNQ,C2VH SR04,SR04-4B
573,VYNQ^C2VH SR02^SR02-02,VYNQ,C2VH SR02,SR02-02
253,VYNQ^C2VH BY02^BY02-05,VYNQ,C2VH BY02,BY02-05
1022,VYNQ^C2VH BY04^BY04-06,VYNQ,C2VH BY04,BY04-06
569,VYNQ^C2VH BY01^BY01-05,VYNQ,C2VH BY01,BY01-05
987,VYNQ^C2VH BY03^BY03-02,VYNQ,C2VH BY03,BY03-02
1118,VYNQ^C2VH BY04^BY04-03,VYNQ,C2VH BY04,BY04-03
1383,VYNQ^C2VH BY01^BY01-03,VYNQ,C2VH BY01,BY01-03
320,VYNQ^C2VH BY01^BY01-04,VYNQ,C2VH BY01,BY01-04
47,VYNQ^C2VH BY01^BY01-02,VYNQ,C2VH BY01,BY01-02
1418,W01THR^null^null,W01THR,null,null
326,W01THR^WMSW01THR POOL01^THR,W01THR,WMSW01THR POOL01,THR
1425,W02OPDC^WMS W02OPDC POOL01^CLINIC,W02OPDC,WMS W02OPDC POOL01,CLINIC
511,WMSLITHO^W00LITHO RM01^NONE,WMSLITHO,W00LITHO RM01,NONE
293,WMSLITHO^W00LITHO RM01^SCANNER,WMSLITHO,W00LITHO RM01,SCANNER
1285,WMSPATLNGE^W00PATLNGE POOL01^CHAIR,WMSPATLNGE,W00PATLNGE POOL01,CHAIR
353,WMSXR^null^null,WMSXR,null,null
1433,WMSXR^WMSW01THR POOL01^THR,WMSXR,WMSW01THR POOL01,THR
52,WMSXR^WMSW01THR POOL01^null,WMSXR,WMSW01THR POOL01,null
1637,WSCC^WMSCCU CB04^CB04-04,WSCC,WMSCCU CB04,CB04-04
1766,WSCC^WMSCCU CB01^CB01-01,WSCC,WMSCCU CB01,CB01-01
666,WSCC^WMSCCU WAITING^WAIT,WSCC,WMSCCU WAITING,WAIT
448,WSCC^WMSCCU CB05^CB05-05,WSCC,WMSCCU CB05,CB05-05
188,WSCC^WMSCCU CB09^CB09-09,WSCC,WMSCCU CB09,CB09-09
798,WSCC^WMSCCU CB07^CB07-07,WSCC,WMSCCU CB07,CB07-07
548,WSCC^WMSCCU CB08^CB08-08,WSCC,WMSCCU CB08,CB08-08
1556,WSCC^WMSCCU CB03^CB03-03,WSCC,WMSCCU CB03,CB03-03
1322,WSCC^WMSCCU CB02^CB02-02,WSCC,WMSCCU CB02,CB02-02
19,WSCC^WMSCCU SR06^SR06-06,WSCC,WMSCCU SR06,SR06-06
1778,WSSS^WMSSSS SR14^SR14-14,WSSS,WMSSSS SR14,SR14-14
160,WSSS^WMSSSS BY01^BY01-05,WSSS,WMSSSS BY01,BY01-05
999,WSSS^WMSSSS BY01^BY01-01,WSSS,WMSSSS BY01,BY01-01
261,WSSS^WMSSSS BY01^BY01-02,WSSS,WMSSSS BY01,BY01-02
733,WSSS^WMSSSS BY02^BY02-15,WSSS,WMSSSS BY02,BY02-15
279,WSSS^WMSSSS BY01^BY01-03,WSSS,WMSSSS BY01,BY01-03
836,WSSS^WMSSSS BY02^BY02-11,WSSS,WMSSSS BY02,BY02-11
78,WSSS^WMSSSS BY01^BY01-04,WSSS,WMSSSS BY01,BY01-04
1352,WSSS^WMSSSS BY02^BY02-12,WSSS,WMSSSS BY02,BY02-12
1095,WSSS^WMSSSS BY02^BY02-16,WSSS,WMSSSS BY02,BY02-16
1641,WSSS^WMSSSS BY02^BY02-17,WSSS,WMSSSS BY02,BY02-17
1096,WSSS^null^null,WSSS,null,null
1605,WSSS^WMSSSS WAITING^WAIT,WSSS,WMSSSS WAITING,WAIT
166,WSSS^WMSSSS BY01^BY01-06,WSSS,WMSSSS BY01,BY01-06
692,WSSS^WMSSSS BY02^BY02-09,WSSS,WMSSSS BY02,BY02-09
552,WSSS^WMSSSS BY02^BY02-10,WSSS,WMSSSS BY02,BY02-10
1564,WSSS^WMSSSS BY02^BY02-19,WSSS,WMSSSS BY02,BY02-19
704,WSSS^WMSSSS BY02^BY02-18,WSSS,WMSSSS BY02,BY02-18
710,WSSS^WMSSSS BY02^BY02-08,WSSS,WMSSSS BY02,BY02-08
1162,WSSS^WMSSSS BY01^BY01-07,WSSS,WMSSSS BY01,BY01-07
187,WST4^W04W SR17^SR17-17,WST4,W04W SR17,SR17-17
112,WST4^W04W SR24^SR24-24,WST4,W04W SR24,SR24-24
649,WST4^W04W BY01^BY01-02,WST4,W04W BY01,BY01-02
906,WST4^W04W SR03^SR11-11,WST4,W04W SR03,SR11-11
1808,WST4^W04W SR04^SR12-12,WST4,W04W SR04,SR12-12
1798,WST4^W04W BY02^BY02-03,WST4,W04W BY02,BY02-03
1366,WST4^W04W BY02^BY02-04,WST4,W04W BY02,BY02-04
56,WST4^W04W BY04^BY04-08,WST4,W04W BY04,BY04-08
348,WST4^W04W SR10^SR19-19,WST4,W04W SR10,SR19-19
1049,WST4^W04W BY01^BY01-01,WST4,W04W BY01,BY01-01
1282,WST4^W04W BY05^BY05-16,WST4,W04W BY05,BY05-16
1212,WST4^W04W BY03^BY03-05,WST4,W04W BY03,BY03-05
1518,WST4^W04W SR11^SR20-20,WST4,W04W SR11,SR20-20
235,WST4^W04W BY05^BY05-15,WST4,W04W BY05,BY05-15
93,WST4^W04W SR12^SR21-21,WST4,W04W SR12,SR21-21
163,WST4^W04W SR02^SR10-10,WST4,W04W SR02,SR10-10
41,WST4^W04W BY04^BY04-07,WST4,W04W BY04,BY04-07
1558,WST4^W04W BY05^BY05-14,WST4,W04W BY05,BY05-14
993,WST4^W04W SR22^SR22-22,WST4,W04W SR22,SR22-22
503,WST4^W04W SR01^SR09-09,WST4,W04W SR01,SR09-09
1536,WST4^W04W WAITING^WAIT,WST4,W04W WAITING,WAIT
1239,WST4^W04W SR23^SR23-23,WST4,W04W SR23,SR23-23
968,WST4^W04W BY03^BY03-06,WST4,W04W BY03,BY03-06
540,WST4^W04W SR09^SR18-18,WST4,W04W SR09,SR18-18
844,WSU3^W03W BY05^BY05-317,WSU3,W03W BY05,BY05-317
288,WSU3^W03W BY08^BY08-326,WSU3,W03W BY08,BY08-326
1012,WSU3^W03W WAITING^WAIT,WSU3,W03W WAITING,WAIT
577,WSU3^W03W BY02^BY02-306,WSU3,W03W BY02,BY02-306
969,WSU3^W03W BY01^BY01-301,WSU3,W03W BY01,BY01-301
246,WSU3^W03W BY06^BY06-318,WSU3,W03W BY06,BY06-318
1297,WSU3^W03W BY03^BY03-309,WSU3,W03W BY03,BY03-309
1459,WSU3^W03W BY05^BY05-316,WSU3,W03W BY05,BY05-316
518,WSU3^W03W SR01^SR01-304,WSU3,W03W SR01,SR01-304
1166,WSU3^W03W BY08^BY08-325,WSU3,W03W BY08,BY08-325
532,WSU3^W03W BY03^BY03-310,WSU3,W03W BY03,BY03-310
1400,WSU3^W03W BY07^BY07-323,WSU3,W03W BY07,BY07-323
383,WSU3^W03W BY04^BY04-315,WSU3,W03W BY04,BY04-315
1620,WSU3^W03W BY02^BY02-305,WSU3,W03W BY02,BY02-305
276,WSU3^W03W BY06^BY06-321,WSU3,W03W BY06,BY06-321
186,WSU3^W03W BY01^BY01-302,WSU3,W03W BY01,BY01-302
1803,WSU3^W03W BY07^BY07-322,WSU3,W03W BY07,BY07-322
783,WSU3^W03W SR02^SR02-308,WSU3,W03W SR02,SR02-308
663,WSU3^null^null,WSU3,null,null
116,WSU3^W03W SR04^SR04-312,WSU3,W03W SR04,SR04-312
382,WSU3^W03W BY06^BY06-320,WSU3,W03W BY06,BY06-320
1169,WSU3^W03W BY04^BY04-314,WSU3,W03W BY04,BY04-314
1667,WSU3^W03W BY08^BY08-324,WSU3,W03W BY08,BY08-324
797,WSU3^W03W BY06^BY06-319,WSU3,W03W BY06,BY06-319
1408,WSU3^W03W BY02^BY02-307,WSU3,W03W BY02,BY02-307
831,WSU3^W03W SR03^SR03-311,WSU3,W03W SR03,SR03-311
877,WSU3^W03W BY01^BY01-303,WSU3,W03W BY01,BY01-303
394,null^UCH T00 CDU BY01^BY01-CH12,null,UCH T00 CDU BY01,BY01-CH12
1365,null^UCH T00 CDU BY01^BY01-CH05,null,UCH T00 CDU BY01,BY01-CH05
737,null^UCH T00 CDU BY01^BY01-CH02,null,UCH T00 CDU BY01,BY01-CH02
638,null^WMS W02OPDC POOL01^CLINIC,null,WMS W02OPDC POOL01,CLINIC
894,null^UCH T00 CDU BY01^BY01-CH04,null,UCH T00 CDU BY01,BY01-CH04
824,null^UCH T00 CDU BY01^BY01-CH07,null,UCH T00 CDU BY01,BY01-CH07
312,null^UCH T00 CDU BY01^BY01-CH01,null,UCH T00 CDU BY01,BY01-CH01
1437,null^UCH T00 CDU BY01^BY01-CH06,null,UCH T00 CDU BY01,BY01-CH06
